cmd,pageIndex,pageSubIndex,pageUnit,pageSize,subPageSize,firstIndex,lastIndex,recordCountPerPage,currentPage,searchWord,searchKey,sgId,subSgId,sgName,menuId,menuName,upperMenuId,urlPathName,menuDepth,menuSgId,cvId,cvName,wiwsidocode,wiwid,wiwname,sortYn,sggid,sggname,hSgId,hRegionId,hGuId,hSggId,sgBireYn,jdid,jdname,huboid,hbjname,hbjgiho,hbjjikup,hbjhakruk,cnt,sgTypecode,filename,fileinfo,fileTypeCode,filePathName,updtFileName,fileTypeName,psgId,psidoId,pwiwid,psggid,psubSgId,roleId,phGuId,atchSeqNo,hbjgihosangse,hSubSgId,psggname,elecEndYn,fileDispYn,pdfLink
I,1,1,10,10,10,1,1,10,1,,,20200415,,,,,,,,,,,,,,,2110101,종로구,,,,,,100,더불어민주당,100136749,이낙연,1,정당인,서울대학교 법과대학 법학과 졸업,229,,Gsg1101/Hb100136749/gicho/thumbnail.100136749.JPG,선거공보||20200415/PDF/PBINFO/1101/003_100136749_20200403_1.pdf||,,,,,,,,,,,,,,,,,Y,http://policy.nec.go.kr/plc/common/downloadFile.do?requestedFileName=100136749.pdf&requestedFullPath=20200415/PDF/PBINFO/1101/003_100136749_20200403_1.pdf
I,1,1,10,10,10,1,1,10,1,,,20200415,,,,,,,,,,,,,,,2110101,종로구,,,,,,200,미래통합당,100136965,황교안,2,미래통합당 당대표,성균관대학교 대학원 법학과 졸업,229,,Gsg1101/Hb100136965/gicho/thumbnail.100136965.JPG,선거공보||20200415/PDF/PBINFO/1101/003_100136965_20200403_1.pdf||,,,,,,,,,,,,,,,,,Y,http://policy.nec.go.kr/plc/common/downloadFile.do?requestedFileName=100136965.pdf&requestedFullPath=20200415/PDF/PBINFO/1101/003_100136965_20200403_1.pdf
I,1,1,10,10,10,1,1,10,1,,,20200415,,,,,,,,,,,,,,,2110101,종로구,,,,,,5000,우리공화당,100137552,한민호,7,정당인,성균관대학교대학원 공연예술협동과정 수료(박사학위과정),229,,Gsg1101/Hb100137552/gicho/thumbnail.100137552.JPG,선거공보||20200415/PDF/PBINFO/1101/003_100137552_20200403_1.pdf||,,,,,,,,,,,,,,,,,Y,http://policy.nec.go.kr/plc/common/downloadFile.do?requestedFileName=100137552.pdf&requestedFullPath=20200415/PDF/PBINFO/1101/003_100137552_20200403_1.pdf
I,1,1,10,10,10,1,1,10,1,,,20200415,,,,,,,,,,,,,,,2110101,종로구,,,,,,5010,민중당,100135000,오인환,8,정당인,경희대학교 사회과학대학 회계학과 4년 제적,229,,Gsg1101/Hb100135000/gicho/thumbnail.100135000.JPG,선거공보||20200415/PDF/PBINFO/1101/003_100135000_20200404_1.pdf||,,,,,,,,,,,,,,,,,Y,http://policy.nec.go.kr/plc/common/downloadFile.do?requestedFileName=100135000.pdf&requestedFullPath=20200415/PDF/PBINFO/1101/003_100135000_20200404_1.pdf
I,1,1,10,10,10,1,1,10,1,,,20200415,,,,,,,,,,,,,,,2110101,종로구,,,,,,3070,가자!평화인권당,100138033,이정희,9,가자평화인권당 공동대표,고려대학교 국어국문학과 졸업,229,,Gsg1101/Hb100138033/gicho/thumbnail.100138033.JPG,선거공보||20200415/PDF/PBINFO/1101/003_100138033_20200403_1.pdf||,,,,,,,,,,,,,,,,,Y,http://policy.nec.go.kr/plc/common/downloadFile.do?requestedFileName=100138033.pdf&requestedFullPath=20200415/PDF/PBINFO/1101/003_100138033_20200403_1.pdf
I,1,1,10,10,10,1,1,10,1,,,20200415,,,,,,,,,,,,,,,2110101,종로구,,,,,,2010,공화당,100137714,신동욱,10,정당인,서울벤처정보대학원대학교 졸업(경영학박사),229,,Gsg1101/Hb100137714/gicho/thumbnail.100137714.JPG,선거공보||20200415/PDF/PBINFO/1101/003_100137714_20200403_1.pdf||,,,,,,,,,,,,,,,,,Y,http://policy.nec.go.kr/plc/common/downloadFile.do?requestedFileName=100137714.pdf&requestedFullPath=20200415/PDF/PBINFO/1101/003_100137714_20200403_1.pdf
I,1,1,10,10,10,1,1,10,1,,,20200415,,,,,,,,,,,,,,,2110101,종로구,,,,,,5031,국가혁명배당금당,100137702,박준영,11,국제정치가,서울대학교 의과대학 의학과 졸업,229,,Gsg1101/Hb100137702/gicho/thumbnail.100137702.JPG,선거공보||20200415/PDF/PBINFO/1101/003_100137702_20200403_1.pdf||,,,,,,,,,,,,,,,,,Y,http://policy.nec.go.kr/plc/common/downloadFile.do?requestedFileName=100137702.pdf&requestedFullPath=20200415/PDF/PBINFO/1101/003_100137702_20200403_1.pdf
I,1,1,10,10,10,1,1,10,1,,,20200415,,,,,,,,,,,,,,,2110101,종로구,,,,,,4080,국민새정당,100137227,백병찬,12,국민새정당 부총재 겸 수석 대변인,미기재,229,,Gsg1101/Hb100137227/gicho/thumbnail.100137227.JPG,선거공보||20200415/PDF/PBINFO/1101/003_100137227_20200403_1.pdf||,,,,,,,,,,,,,,,,,Y,http://policy.nec.go.kr/plc/common/downloadFile.do?requestedFileName=100137227.pdf&requestedFullPath=20200415/PDF/PBINFO/1101/003_100137227_20200403_1.pdf
I,1,1,10,10,10,1,1,10,1,,,20200415,,,,,,,,,,,,,,,2110101,종로구,,,,,,3040,기독자유통일당,100137750,양세화,13,정당인,강원관광대학교 관광계열 중퇴(2003년03월~2005년09월),229,,Gsg1101/Hb100137750/gicho/thumbnail.100137750.JPG,선거공보||20200415/PDF/PBINFO/1101/003_100137750_20200403_1.pdf||,,,,,,,,,,,,,,,,,Y,http://policy.nec.go.kr/plc/common/downloadFile.do?requestedFileName=100137750.pdf&requestedFullPath=20200415/PDF/PBINFO/1101/003_100137750_20200403_1.pdf
I,1,1,10,10,10,1,1,10,1,,,20200415,,,,,,,,,,,,,,,2110101,종로구,,,,,,4010,민중민주당,100137628,박소현,14,정당인,고려대학교 사회학과 수료,229,,Gsg1101/Hb100137628/gicho/thumbnail.100137628.JPG,선거공보||20200415/PDF/PBINFO/1101/003_100137628_20200403_1.pdf||,,,,,,,,,,,,,,,,,Y,http://policy.nec.go.kr/plc/common/downloadFile.do?requestedFileName=100137628.pdf&requestedFullPath=20200415/PDF/PBINFO/1101/003_100137628_20200403_1.pdf
I,1,1,10,10,10,1,1,10,1,,,20200415,,,,,,,,,,,,,,,2110101,종로구,,,,,,1990,한나라당,100137972,김형석,15,방송통신대학교 바둑지도사범(한국기원아마5단),한국방송통신대학교 문화교양학과 1학년 재학,229,,Gsg1101/Hb100137972/gicho/thumbnail.100137972.JPG,선거공보||20200415/PDF/PBINFO/1101/003_100137972_20200403_1.pdf||,,,,,,,,,,,,,,,,,Y,http://policy.nec.go.kr/plc/common/downloadFile.do?requestedFileName=100137972.pdf&requestedFullPath=20200415/PDF/PBINFO/1101/003_100137972_20200403_1.pdf
I,1,1,10,10,10,1,1,10,1,,,20200415,,,,,,,,,,,,,,,2110101,종로구,,,,,,9999,무소속,100138043,김용덕,16,농업,군장대학 졸업,229,,Gsg1101/Hb100138043/gicho/thumbnail.100138043.JPG,선거공보||20200415/PDF/PBINFO/1101/003_100138043_20200405_2.pdf||,,,,,,,,,,,,,,,,,Y,http://policy.nec.go.kr/plc/common/downloadFile.do?requestedFileName=100138043.pdf&requestedFullPath=20200415/PDF/PBINFO/1101/003_100138043_20200405_2.pdf
I,1,1,10,10,10,1,1,10,1,,,20200415,,,,,,,,,,,,,,,2260401,중구영도구,,,,,,100,더불어민주당,100134713,김비오,1,정당인,연세대학교 법무대학원 경영법무학 석사,74,,Gsg2604/Hb100134713/gicho/thumbnail.100134713.JPG,선거공보||20200415/PDF/PBINFO/2604/003_100134713_20200405_2.pdf||,,,,,,,,,,,,,,,,,Y,http://policy.nec.go.kr/plc/common/downloadFile.do?requestedFileName=100134713.pdf&requestedFullPath=20200415/PDF/PBINFO/2604/003_100134713_20200405_2.pdf
I,1,1,10,10,10,1,1,10,1,,,20200415,,,,,,,,,,,,,,,2260401,중구영도구,,,,,,200,미래통합당,100137440,황보승희,2,정당인,이화여자대학교 영어영문학과 졸업,74,,Gsg2604/Hb100137440/gicho/thumbnail.100137440.JPG,선거공보||20200415/PDF/PBINFO/2604/003_100137440_20200403_1.pdf||,,,,,,,,,,,,,,,,,Y,http://policy.nec.go.kr/plc/common/downloadFile.do?requestedFileName=100137440.pdf&requestedFullPath=20200415/PDF/PBINFO/2604/003_100137440_20200403_1.pdf
I,1,1,10,10,10,1,1,10,1,,,20200415,,,,,,,,,,,,,,,2260401,중구영도구,,,,,,5031,국가혁명배당금당,100135721,김가은,7,주부,경북과학대학 관광일어과 졸업,74,,Gsg2604/Hb100135721/gicho/thumbnail.100135721.JPG,선거공보||20200415/PDF/PBINFO/2604/003_100135721_20200403_1.pdf||,,,,,,,,,,,,,,,,,Y,http://policy.nec.go.kr/plc/common/downloadFile.do?requestedFileName=100135721.pdf&requestedFullPath=20200415/PDF/PBINFO/2604/003_100135721_20200403_1.pdf
I,1,1,10,10,10,1,1,10,1,,,20200415,,,,,,,,,,,,,,,2260401,중구영도구,,,,,,9999,무소속,100135094,정창범,8,(주)기아자동차 영도지점 과장(25년차 근무중),동아대학교 사회복지학과 졸업,74,,Gsg2604/Hb100135094/gicho/thumbnail.100135094.JPG,선거공보||20200415/PDF/PBINFO/2604/003_100135094_20200403_1.pdf||,,,,,,,,,,,,,,,,,Y,http://policy.nec.go.kr/plc/common/downloadFile.do?requestedFileName=100135094.pdf&requestedFullPath=20200415/PDF/PBINFO/2604/003_100135094_20200403_1.pdf
I,1,1,10,10,10,1,1,10,1,,,20200415,,,,,,,,,,,,,,,2260201,서구동구,,,,,,100,더불어민주당,100134646,이재강,1,정당인,런던정경대학 정치학과 박사과정 수료(1993.10.~ 2005.9.),74,,Gsg2602/Hb100134646/gicho/thumbnail.100134646.JPG,선거공보||20200415/PDF/PBINFO/2602/003_100134646_20200403_1.pdf||,,,,,,,,,,,,,,,,,Y,http://policy.nec.go.kr/plc/common/downloadFile.do?requestedFileName=100134646.pdf&requestedFullPath=20200415/PDF/PBINFO/2602/003_100134646_20200403_1.pdf
I,1,1,10,10,10,1,1,10,1,,,20200415,,,,,,,,,,,,,,,2260201,서구동구,,,,,,200,미래통합당,100134585,안병길,2,안병길 원도심미래연구원 원장,동아대학교 대학원 졸업(행정학 박사),74,,Gsg2602/Hb100134585/gicho/thumbnail.100134585.JPG,선거공보||20200415/PDF/PBINFO/2602/003_100134585_20200403_1.pdf||,,,,,,,,,,,,,,,,,Y,http://policy.nec.go.kr/plc/common/downloadFile.do?requestedFileName=100134585.pdf&requestedFullPath=20200415/PDF/PBINFO/2602/003_100134585_20200403_1.pdf
I,1,1,10,10,10,1,1,10,1,,,20200415,,,,,,,,,,,,,,,2260201,서구동구,,,,,,5000,우리공화당,100135573,김태수,7,세계경찰연맹(WPF) 이사장(대표자),성균관대학교 대학원 스포츠과학과 체육학박사(博士),74,,Gsg2602/Hb100135573/gicho/thumbnail.100135573.JPG,선거공보||20200415/PDF/PBINFO/2602/003_100135573_20200403_1.pdf||,,,,,,,,,,,,,,,,,Y,http://policy.nec.go.kr/plc/common/downloadFile.do?requestedFileName=100135573.pdf&requestedFullPath=20200415/PDF/PBINFO/2602/003_100135573_20200403_1.pdf
I,1,1,10,10,10,1,1,10,1,,,20200415,,,,,,,,,,,,,,,2260201,서구동구,,,,,,5031,국가혁명배당금당,100135546,김성기,8,회사원,고등학교 졸업 학력 검정고시 합격,74,,Gsg2602/Hb100135546/gicho/thumbnail.100135546.JPG,선거공보||20200415/PDF/PBINFO/2602/003_100135546_20200403_1.pdf||,,,,,,,,,,,,,,,,,Y,http://policy.nec.go.kr/plc/common/downloadFile.do?requestedFileName=100135546.pdf&requestedFullPath=20200415/PDF/PBINFO/2602/003_100135546_20200403_1.pdf
I,1,1,10,10,10,1,1,10,1,,,20200415,,,,,,,,,,,,,,,2260501,부산진구갑,,,,,,100,더불어민주당,100136335,김영춘,1,국회의원,고려대학교 대학원 정치외교학과 졸업 (정치학 석사),74,,Gsg2605/Hb100136335/gicho/thumbnail.100136335.JPG,선거공보||20200415/PDF/PBINFO/2605/003_100136335_20200403_1.pdf||,,,,,,,,,,,,,,,,,Y,http://policy.nec.go.kr/plc/common/downloadFile.do?requestedFileName=100136335.pdf&requestedFullPath=20200415/PDF/PBINFO/2605/003_100136335_20200403_1.pdf
I,1,1,10,10,10,1,1,10,1,,,20200415,,,,,,,,,,,,,,,2260501,부산진구갑,,,,,,200,미래통합당,100137546,서병수,2,정당인,노던일리노이대학교 박사과정 졸업(1983.9.~1987.12. 경제학박사),74,,Gsg2605/Hb100137546/gicho/thumbnail.100137546.JPG,선거공보||20200415/PDF/PBINFO/2605/003_100137546_20200402_1.pdf||,,,,,,,,,,,,,,,,,Y,http://policy.nec.go.kr/plc/common/downloadFile.do?requestedFileName=100137546.pdf&requestedFullPath=20200415/PDF/PBINFO/2605/003_100137546_20200402_1.pdf
I,1,1,10,10,10,1,1,10,1,,,20200415,,,,,,,,,,,,,,,2260501,부산진구갑,,,,,,2080,민생당,100137939,정해정,3,수강엔지니어링(주) 대표이사,동아대학교 법학과 졸업,74,,Gsg2605/Hb100137939/gicho/thumbnail.100137939.JPG,선거공보||20200415/PDF/PBINFO/2605/003_100137939_20200403_1.pdf||,,,,,,,,,,,,,,,,,Y,http://policy.nec.go.kr/plc/common/downloadFile.do?requestedFileName=100137939.pdf&requestedFullPath=20200415/PDF/PBINFO/2605/003_100137939_20200403_1.pdf
I,1,1,10,10,10,1,1,10,1,,,20200415,,,,,,,,,,,,,,,2260501,부산진구갑,,,,,,5031,국가혁명배당금당,100137331,김정희,7,국가혁명배당금당진구갑위원장,상주여자상업고등학교 졸업,74,,Gsg2605/Hb100137331/gicho/thumbnail.100137331.JPG,선거공보||20200415/PDF/PBINFO/2605/003_100137331_20200402_1.pdf||,,,,,,,,,,,,,,,,,Y,http://policy.nec.go.kr/plc/common/downloadFile.do?requestedFileName=100137331.pdf&requestedFullPath=20200415/PDF/PBINFO/2605/003_100137331_20200402_1.pdf
I,1,1,10,10,10,1,1,10,1,,,20200415,,,,,,,,,,,,,,,2270101,중구남구,,,,,,100,더불어민주당,100134925,이재용,1,이재용 치과 원장,서울대학교 치과대학 치의학과 졸업,59,,Gsg2704/Hb100134925/gicho/thumbnail.100134925.JPG,선거공보||20200415/PDF/PBINFO/2704/003_100134925_20200404_1.pdf||,,,,,,,,,,,,,,,,,Y,http://policy.nec.go.kr/plc/common/downloadFile.do?requestedFileName=100134925.pdf&requestedFullPath=20200415/PDF/PBINFO/2704/003_100134925_20200404_1.pdf
I,1,1,10,10,10,1,1,10,1,,,20200415,,,,,,,,,,,,,,,2270101,중구남구,,,,,,200,미래통합당,100137777,곽상도,2,국회의원,성균관대학교 법학과 법학석사 (공법전공),59,,Gsg2704/Hb100137777/gicho/thumbnail.100137777.JPG,선거공보||20200415/PDF/PBINFO/2704/003_100137777_20200404_2.pdf||,,,,,,,,,,,,,,,,,Y,http://policy.nec.go.kr/plc/common/downloadFile.do?requestedFileName=100137777.pdf&requestedFullPath=20200415/PDF/PBINFO/2704/003_100137777_20200404_2.pdf
I,1,1,10,10,10,1,1,10,1,,,20200415,,,,,,,,,,,,,,,2270101,중구남구,,,,,,5031,국가혁명배당금당,100135370,정재홍,7,회사원,배영고등학교(현 강북고등학교) 졸업,59,,Gsg2704/Hb100135370/gicho/thumbnail.100135370.JPG,선거공보||20200415/PDF/PBINFO/2704/003_100135370_20200404_1.pdf||,,,,,,,,,,,,,,,,,Y,http://policy.nec.go.kr/plc/common/downloadFile.do?requestedFileName=100135370.pdf&requestedFullPath=20200415/PDF/PBINFO/2704/003_100135370_20200404_1.pdf
I,1,1,10,10,10,1,1,10,1,,,20200415,,,,,,,,,,,,,,,2270201,동구갑,,,,,,100,더불어민주당,100135196,서재헌,1,정당인,영국스트래스클라이드대학교 MBA(경영학 석사) 졸업(2016년9월~2017년11월),59,,Gsg2702/Hb100135196/gicho/thumbnail.100135196.JPG,선거공보||20200415/PDF/PBINFO/2702/003_100135196_20200403_3.pdf||,,,,,,,,,,,,,,,,,Y,http://policy.nec.go.kr/plc/common/downloadFile.do?requestedFileName=100135196.pdf&requestedFullPath=20200415/PDF/PBINFO/2702/003_100135196_20200403_3.pdf
I,1,1,10,10,10,1,1,10,1,,,20200415,,,,,,,,,,,,,,,2270201,동구갑,,,,,,200,미래통합당,100135951,류성걸,2,정당인,미국 시라큐즈대학교 대학원 경제학 박사과정 졸업(경제학박사)(1987.9-1991.12),59,,Gsg2702/Hb100135951/gicho/thumbnail.100135951.JPG,선거공보||20200415/PDF/PBINFO/2702/003_100135951_20200402_1.pdf||,,,,,,,,,,,,,,,,,Y,http://policy.nec.go.kr/plc/common/downloadFile.do?requestedFileName=100135951.pdf&requestedFullPath=20200415/PDF/PBINFO/2702/003_100135951_20200402_1.pdf
I,1,1,10,10,10,1,1,10,1,,,20200415,,,,,,,,,,,,,,,2270201,동구갑,,,,,,730,정의당,100137193,양희,6,정당인,대구대학교 사회과학대학 산업복지학과 졸업,59,,Gsg2702/Hb100137193/gicho/thumbnail.100137193.JPG,선거공보||20200415/PDF/PBINFO/2702/003_100137193_20200403_2.pdf||,,,,,,,,,,,,,,,,,Y,http://policy.nec.go.kr/plc/common/downloadFile.do?requestedFileName=100137193.pdf&requestedFullPath=20200415/PDF/PBINFO/2702/003_100137193_20200403_2.pdf
I,1,1,10,10,10,1,1,10,1,,,20200415,,,,,,,,,,,,,,,2270201,동구갑,,,,,,5031,국가혁명배당금당,100135292,김백민,7,기업인,대구한의대학교 대학원 산림비즈니스학과 박사학위과정 수료(환경·조경학전공),59,,Gsg2702/Hb100135292/gicho/thumbnail.100135292.JPG,선거공보||20200415/PDF/PBINFO/2702/003_100135292_20200403_2.pdf||,,,,,,,,,,,,,,,,,Y,http://policy.nec.go.kr/plc/common/downloadFile.do?requestedFileName=100135292.pdf&requestedFullPath=20200415/PDF/PBINFO/2702/003_100135292_20200403_2.pdf
I,1,1,10,10,10,1,1,10,1,,,20200415,,,,,,,,,,,,,,,2270202,동구을,,,,,,100,더불어민주당,100134881,이승천,1,정당인,계명대학교 대학원 법학과 박사과정 수료,59,,Gsg2702/Hb100134881/gicho/thumbnail.100134881.JPG,선거공보||20200415/PDF/PBINFO/2702/003_100134881_20200402_1.pdf||,,,,,,,,,,,,,,,,,Y,http://policy.nec.go.kr/plc/common/downloadFile.do?requestedFileName=100134881.pdf&requestedFullPath=20200415/PDF/PBINFO/2702/003_100134881_20200402_1.pdf
I,1,1,10,10,10,1,1,10,1,,,20200415,,,,,,,,,,,,,,,2270202,동구을,,,,,,200,미래통합당,100137103,강대식,2,정당인,영남대학교 대학원 경영학과 졸업(경영학박사),59,,Gsg2702/Hb100137103/gicho/thumbnail.100137103.JPG,선거공보||20200415/PDF/PBINFO/2702/003_100137103_20200402_1.pdf||,,,,,,,,,,,,,,,,,Y,http://policy.nec.go.kr/plc/common/downloadFile.do?requestedFileName=100137103.pdf&requestedFullPath=20200415/PDF/PBINFO/2702/003_100137103_20200402_1.pdf
I,1,1,10,10,10,1,1,10,1,,,20200415,,,,,,,,,,,,,,,2270202,동구을,,,,,,2080,민생당,100136751,남원환,3,소설가,경북대학교 독어독문학과 졸업,59,,Gsg2702/Hb100136751/gicho/thumbnail.100136751.JPG,선거공보||20200415/PDF/PBINFO/2702/003_100136751_20200330_1.pdf||,,,,,,,,,,,,,,,,,Y,http://policy.nec.go.kr/plc/common/downloadFile.do?requestedFileName=100136751.pdf&requestedFullPath=20200415/PDF/PBINFO/2702/003_100136751_20200330_1.pdf
I,1,1,10,10,10,1,1,10,1,,,20200415,,,,,,,,,,,,,,,2270202,동구을,,,,,,5010,민중당,100135026,송영우,7,정당인,경북대학교 사회학과 졸업,59,,Gsg2702/Hb100135026/gicho/thumbnail.100135026.JPG,선거공보||20200415/PDF/PBINFO/2702/003_100135026_20200402_1.pdf||,,,,,,,,,,,,,,,,,Y,http://policy.nec.go.kr/plc/common/downloadFile.do?requestedFileName=100135026.pdf&requestedFullPath=20200415/PDF/PBINFO/2702/003_100135026_20200402_1.pdf
I,1,1,10,10,10,1,1,10,1,,,20200415,,,,,,,,,,,,,,,2270202,동구을,,,,,,5031,국가혁명배당금당,100134995,이명부,8,(주)올래농업회사법인 이사,영진전문대학 가정과 졸업(현 영진전문대학교),59,,Gsg2702/Hb100134995/gicho/thumbnail.100134995.JPG,선거공보||20200415/PDF/PBINFO/2702/003_100134995_20200403_1.pdf||,,,,,,,,,,,,,,,,,Y,http://policy.nec.go.kr/plc/common/downloadFile.do?requestedFileName=100134995.pdf&requestedFullPath=20200415/PDF/PBINFO/2702/003_100134995_20200403_1.pdf
I,1,1,10,10,10,1,1,10,1,,,20200415,,,,,,,,,,,,,,,2280101,중구강화군옹진군,,,,,,100,더불어민주당,100135102,조택상,1,정당인,중앙대학교 행정대학원 졸업(행정학석사),53,,Gsg2801/Hb100135102/gicho/thumbnail.100135102.JPG,선거공보||20200415/PDF/PBINFO/2801/003_100135102_20200401_1.pdf||,,,,,,,,,,,,,,,,,Y,http://policy.nec.go.kr/plc/common/downloadFile.do?requestedFileName=100135102.pdf&requestedFullPath=20200415/PDF/PBINFO/2801/003_100135102_20200401_1.pdf
I,1,1,10,10,10,1,1,10,1,,,20200415,,,,,,,,,,,,,,,2280101,중구강화군옹진군,,,,,,200,미래통합당,100134804,배준영,2,(사)인천경제연구원 이사장,연세대학교 정치외교학과 졸업,53,,Gsg2801/Hb100134804/gicho/thumbnail.100134804.JPG,선거공보||20200415/PDF/PBINFO/2801/003_100134804_20200401_1.pdf||,,,,,,,,,,,,,,,,,Y,http://policy.nec.go.kr/plc/common/downloadFile.do?requestedFileName=100134804.pdf&requestedFullPath=20200415/PDF/PBINFO/2801/003_100134804_20200401_1.pdf
I,1,1,10,10,10,1,1,10,1,,,20200415,,,,,,,,,,,,,,,2280101,중구강화군옹진군,,,,,,5000,우리공화당,100137299,조수진,7,정당인,한국외국어대학교 영어과 졸업,53,,Gsg2801/Hb100137299/gicho/thumbnail.100137299.JPG,선거공보||20200415/PDF/PBINFO/2801/003_100137299_20200401_1.pdf||,,,,,,,,,,,,,,,,,Y,http://policy.nec.go.kr/plc/common/downloadFile.do?requestedFileName=100137299.pdf&requestedFullPath=20200415/PDF/PBINFO/2801/003_100137299_20200401_1.pdf
I,1,1,10,10,10,1,1,10,1,,,20200415,,,,,,,,,,,,,,,2280101,중구강화군옹진군,,,,,,5031,국가혁명배당금당,100135530,최부겸,8,정당인,미기재,53,,Gsg2801/Hb100135530/gicho/thumbnail.100135530.JPG,선거공보||20200415/PDF/PBINFO/2801/003_100135530_20200401_1.pdf||,,,,,,,,,,,,,,,,,Y,http://policy.nec.go.kr/plc/common/downloadFile.do?requestedFileName=100135530.pdf&requestedFullPath=20200415/PDF/PBINFO/2801/003_100135530_20200401_1.pdf
I,1,1,10,10,10,1,1,10,1,,,20200415,,,,,,,,,,,,,,,2280301,동구미추홀구갑,,,,,,100,더불어민주당,100136114,허종식,1,정당인,인하대학교 국어국문학과 졸업,53,,Gsg2803/Hb100136114/gicho/thumbnail.100136114.JPG,선거공보||20200415/PDF/PBINFO/2803/003_100136114_20200402_1.pdf||,,,,,,,,,,,,,,,,,Y,http://policy.nec.go.kr/plc/common/downloadFile.do?requestedFileName=100136114.pdf&requestedFullPath=20200415/PDF/PBINFO/2803/003_100136114_20200402_1.pdf
I,1,1,10,10,10,1,1,10,1,,,20200415,,,,,,,,,,,,,,,2280301,동구미추홀구갑,,,,,,200,미래통합당,100137347,전희경,2,국회의원,이화여자대학교 행정학과 졸업,53,,Gsg2803/Hb100137347/gicho/thumbnail.100137347.JPG,선거공보||20200415/PDF/PBINFO/2803/003_100137347_20200401_1.pdf||,,,,,,,,,,,,,,,,,Y,http://policy.nec.go.kr/plc/common/downloadFile.do?requestedFileName=100137347.pdf&requestedFullPath=20200415/PDF/PBINFO/2803/003_100137347_20200401_1.pdf
I,1,1,10,10,10,1,1,10,1,,,20200415,,,,,,,,,,,,,,,2280301,동구미추홀구갑,,,,,,730,정의당,100136848,문영미,6,정당인,인천대학교 문화대학원 제4차 석사과정 수료(지역문화기획학과),53,,Gsg2803/Hb100136848/gicho/thumbnail.100136848.JPG,선거공보||20200415/PDF/PBINFO/2803/003_100136848_20200401_1.pdf||,,,,,,,,,,,,,,,,,Y,http://policy.nec.go.kr/plc/common/downloadFile.do?requestedFileName=100136848.pdf&requestedFullPath=20200415/PDF/PBINFO/2803/003_100136848_20200401_1.pdf
I,1,1,10,10,10,1,1,10,1,,,20200415,,,,,,,,,,,,,,,2280301,동구미추홀구갑,,,,,,5031,국가혁명배당금당,100136316,이상욱,7,농업경영인,인하공업전문대학 토목과 졸업,53,,Gsg2803/Hb100136316/gicho/thumbnail.100136316.JPG,선거공보||20200415/PDF/PBINFO/2803/003_100136316_20200401_1.pdf||,,,,,,,,,,,,,,,,,Y,http://policy.nec.go.kr/plc/common/downloadFile.do?requestedFileName=100136316.pdf&requestedFullPath=20200415/PDF/PBINFO/2803/003_100136316_20200401_1.pdf
I,1,1,10,10,10,1,1,10,1,,,20200415,,,,,,,,,,,,,,,2280302,동구미추홀구을,,,,,,100,더불어민주당,100134743,남영희,1,정당인,연세대학교 행정대학원 졸업(정치학 석사),53,,Gsg2803/Hb100134743/gicho/thumbnail.100134743.JPG,선거공보||20200415/PDF/PBINFO/2803/003_100134743_20200401_1.pdf||,,,,,,,,,,,,,,,,,Y,http://policy.nec.go.kr/plc/common/downloadFile.do?requestedFileName=100134743.pdf&requestedFullPath=20200415/PDF/PBINFO/2803/003_100134743_20200401_1.pdf
I,1,1,10,10,10,1,1,10,1,,,20200415,,,,,,,,,,,,,,,2280302,동구미추홀구을,,,,,,200,미래통합당,100137464,안상수,2,국회의원,서울대학교 대학원 졸업(경영학석사),53,,Gsg2803/Hb100137464/gicho/thumbnail.100137464.JPG,선거공보||20200415/PDF/PBINFO/2803/003_100137464_20200402_1.pdf||,,,,,,,,,,,,,,,,,Y,http://policy.nec.go.kr/plc/common/downloadFile.do?requestedFileName=100137464.pdf&requestedFullPath=20200415/PDF/PBINFO/2803/003_100137464_20200402_1.pdf
I,1,1,10,10,10,1,1,10,1,,,20200415,,,,,,,,,,,,,,,2280302,동구미추홀구을,,,,,,730,정의당,100137265,정수영,6,정당인,인천대학교 건축공학과 졸업,53,,Gsg2803/Hb100137265/gicho/thumbnail.100137265.JPG,선거공보||20200415/PDF/PBINFO/2803/003_100137265_20200405_2.pdf||,,,,,,,,,,,,,,,,,Y,http://policy.nec.go.kr/plc/common/downloadFile.do?requestedFileName=100137265.pdf&requestedFullPath=20200415/PDF/PBINFO/2803/003_100137265_20200405_2.pdf
I,1,1,10,10,10,1,1,10,1,,,20200415,,,,,,,,,,,,,,,2280302,동구미추홀구을,,,,,,5031,국가혁명배당금당,100135359,황창식,7,정당인,미기재,53,,Gsg2803/Hb100135359/gicho/thumbnail.100135359.JPG,선거공보||20200415/PDF/PBINFO/2803/003_100135359_20200401_1.pdf||,,,,,,,,,,,,,,,,,Y,http://policy.nec.go.kr/plc/common/downloadFile.do?requestedFileName=100135359.pdf&requestedFullPath=20200415/PDF/PBINFO/2803/003_100135359_20200401_1.pdf
I,1,1,10,10,10,1,1,10,1,,,20200415,,,,,,,,,,,,,,,2290302,동구남구갑,,,,,,100,더불어민주당,100134590,윤영덕,1,정당인,중국 북경대학교 대학원 졸업 국제정치학 전공 법학박사(1999.9.~2005.7.),42,,Gsg2903/Hb100134590/gicho/thumbnail.100134590.JPG,선거공보||20200415/PDF/PBINFO/2903/003_100134590_20200403_1.pdf||,,,,,,,,,,,,,,,,,Y,http://policy.nec.go.kr/plc/common/downloadFile.do?requestedFileName=100134590.pdf&requestedFullPath=20200415/PDF/PBINFO/2903/003_100134590_20200403_1.pdf
I,1,1,10,10,10,1,1,10,1,,,20200415,,,,,,,,,,,,,,,2290302,동구남구갑,,,,,,2080,민생당,100136719,장병완,3,제20대국회의원,서울대학교 상과대학 무역학과 졸업,42,,Gsg2903/Hb100136719/gicho/thumbnail.100136719.JPG,선거공보||20200415/PDF/PBINFO/2903/003_100136719_20200401_1.pdf||,,,,,,,,,,,,,,,,,Y,http://policy.nec.go.kr/plc/common/downloadFile.do?requestedFileName=100136719.pdf&requestedFullPath=20200415/PDF/PBINFO/2903/003_100136719_20200401_1.pdf
I,1,1,10,10,10,1,1,10,1,,,20200415,,,,,,,,,,,,,,,2290302,동구남구갑,,,,,,5031,국가혁명배당금당,100135492,한기선,7,형틀목수,광주대학교 경영학과 중퇴(1992.3.5.~1992.10.2.),42,,Gsg2903/Hb100135492/gicho/thumbnail.100135492.JPG,선거공보||20200415/PDF/PBINFO/2903/003_100135492_20200403_1.pdf||,,,,,,,,,,,,,,,,,Y,http://policy.nec.go.kr/plc/common/downloadFile.do?requestedFileName=100135492.pdf&requestedFullPath=20200415/PDF/PBINFO/2903/003_100135492_20200403_1.pdf
I,1,1,10,10,10,1,1,10,1,,,20200415,,,,,,,,,,,,,,,2290302,동구남구갑,,,,,,3040,기독자유통일당,100138002,이안숙,8,목사,미기재,42,,Gsg2903/Hb100138002/gicho/thumbnail.100138002.JPG,선거공보||20200415/PDF/PBINFO/2903/003_100138002_20200403_1.pdf||,,,,,,,,,,,,,,,,,Y,http://policy.nec.go.kr/plc/common/downloadFile.do?requestedFileName=100138002.pdf&requestedFullPath=20200415/PDF/PBINFO/2903/003_100138002_20200403_1.pdf
I,1,1,10,10,10,1,1,10,1,,,20200415,,,,,,,,,,,,,,,2290101,동구남구을,,,,,,100,더불어민주당,100134753,이병훈,1,정당인,전남대학교 일반대학원 행정학과 졸업(행정학박사),42,,Gsg2901/Hb100134753/gicho/thumbnail.100134753.JPG,선거공보||20200415/PDF/PBINFO/2901/003_100134753_20200403_1.pdf||,,,,,,,,,,,,,,,,,Y,http://policy.nec.go.kr/plc/common/downloadFile.do?requestedFileName=100134753.pdf&requestedFullPath=20200415/PDF/PBINFO/2901/003_100134753_20200403_1.pdf
I,1,1,10,10,10,1,1,10,1,,,20200415,,,,,,,,,,,,,,,2290101,동구남구을,,,,,,2080,민생당,100137303,박주선,3,국회의원,서울대학교 법과대학 행정학과 졸업,42,,Gsg2901/Hb100137303/gicho/thumbnail.100137303.JPG,선거공보||20200415/PDF/PBINFO/2901/003_100137303_20200403_1.pdf||,,,,,,,,,,,,,,,,,Y,http://policy.nec.go.kr/plc/common/downloadFile.do?requestedFileName=100137303.pdf&requestedFullPath=20200415/PDF/PBINFO/2901/003_100137303_20200403_1.pdf
I,1,1,10,10,10,1,1,10,1,,,20200415,,,,,,,,,,,,,,,2290101,동구남구을,,,,,,730,정의당,100136502,최만원,6,조선대학교 강사,"중국인민대학교 중공당사학과졸업(법학박사,1997.09~2003.08)",42,,Gsg2901/Hb100136502/gicho/thumbnail.100136502.JPG,선거공보||20200415/PDF/PBINFO/2901/003_100136502_20200403_1.pdf||,,,,,,,,,,,,,,,,,Y,http://policy.nec.go.kr/plc/common/downloadFile.do?requestedFileName=100136502.pdf&requestedFullPath=20200415/PDF/PBINFO/2901/003_100136502_20200403_1.pdf
I,1,1,10,10,10,1,1,10,1,,,20200415,,,,,,,,,,,,,,,2290101,동구남구을,,,,,,5031,국가혁명배당금당,100137882,이향숙,7,정당인,중앙대학교 예술대학 영화학과 졸업,42,,Gsg2901/Hb100137882/gicho/thumbnail.100137882.JPG,선거공보||20200415/PDF/PBINFO/2901/003_100137882_20200403_1.pdf||,,,,,,,,,,,,,,,,,Y,http://policy.nec.go.kr/plc/common/downloadFile.do?requestedFileName=100137882.pdf&requestedFullPath=20200415/PDF/PBINFO/2901/003_100137882_20200403_1.pdf
I,1,1,10,10,10,1,1,10,1,,,20200415,,,,,,,,,,,,,,,2290101,동구남구을,,,,,,9999,무소속,100135133,김성환,8,정치인,"영국셰필드대학원 사회과학부 정치학과 졸업(정치학박사, 2000.1.1.~2008.4.9.)",42,,Gsg2901/Hb100135133/gicho/thumbnail.100135133.JPG,선거공보||20200415/PDF/PBINFO/2901/003_100135133_20200404_4.pdf||,,,,,,,,,,,,,,,,,Y,http://policy.nec.go.kr/plc/common/downloadFile.do?requestedFileName=100135133.pdf&requestedFullPath=20200415/PDF/PBINFO/2901/003_100135133_20200404_4.pdf
I,1,1,10,10,10,1,1,10,1,,,20200415,,,,,,,,,,,,,,,2290201,서구갑,,,,,,100,더불어민주당,100137726,송갑석,1,정치인,전남대학교 경영대학 무역학과 졸업,42,,Gsg2902/Hb100137726/gicho/thumbnail.100137726.JPG,선거공보||20200415/PDF/PBINFO/2902/003_100137726_20200404_1.pdf||,,,,,,,,,,,,,,,,,Y,http://policy.nec.go.kr/plc/common/downloadFile.do?requestedFileName=100137726.pdf&requestedFullPath=20200415/PDF/PBINFO/2902/003_100137726_20200404_1.pdf
I,1,1,10,10,10,1,1,10,1,,,20200415,,,,,,,,,,,,,,,2290201,서구갑,,,,,,200,미래통합당,100137601,주동식,2,시민운동가,국민대학교 국어국문학과 졸업,42,,Gsg2902/Hb100137601/gicho/thumbnail.100137601.JPG,선거공보||20200415/PDF/PBINFO/2902/003_100137601_20200401_1.pdf||,,,,,,,,,,,,,,,,,Y,http://policy.nec.go.kr/plc/common/downloadFile.do?requestedFileName=100137601.pdf&requestedFullPath=20200415/PDF/PBINFO/2902/003_100137601_20200401_1.pdf
I,1,1,10,10,10,1,1,10,1,,,20200415,,,,,,,,,,,,,,,2290201,서구갑,,,,,,2080,민생당,100134696,김명진,3,정당인,한국외국어대학교 대학원 졸업(정치학 석사),42,,Gsg2902/Hb100134696/gicho/thumbnail.100134696.JPG,선거공보||20200415/PDF/PBINFO/2902/003_100134696_20200401_1.pdf||,,,,,,,,,,,,,,,,,Y,http://policy.nec.go.kr/plc/common/downloadFile.do?requestedFileName=100134696.pdf&requestedFullPath=20200415/PDF/PBINFO/2902/003_100134696_20200401_1.pdf
I,1,1,10,10,10,1,1,10,1,,,20200415,,,,,,,,,,,,,,,2300101,동구,,,,,,100,더불어민주당,100134631,장철민,1,정당인,서울대학교 정치학과 졸업,28,,Gsg3001/Hb100134631/gicho/thumbnail.100134631.JPEG,선거공보||20200415/PDF/PBINFO/3001/003_100134631_20200330_2.pdf||,,,,,,,,,,,,,,,,,Y,http://policy.nec.go.kr/plc/common/downloadFile.do?requestedFileName=100134631.pdf&requestedFullPath=20200415/PDF/PBINFO/3001/003_100134631_20200330_2.pdf
I,1,1,10,10,10,1,1,10,1,,,20200415,,,,,,,,,,,,,,,2300101,동구,,,,,,200,미래통합당,100137294,이장우,2,국회의원,대전대학교 대학원 행정학과 졸업(행정학 박사),28,,Gsg3001/Hb100137294/gicho/thumbnail.100137294.JPG,선거공보||20200415/PDF/PBINFO/3001/003_100137294_20200330_1.pdf||,,,,,,,,,,,,,,,,,Y,http://policy.nec.go.kr/plc/common/downloadFile.do?requestedFileName=100137294.pdf&requestedFullPath=20200415/PDF/PBINFO/3001/003_100137294_20200330_1.pdf
I,1,1,10,10,10,1,1,10,1,,,20200415,,,,,,,,,,,,,,,2300101,동구,,,,,,5031,국가혁명배당금당,100135352,송인경,7,정당인,공주교육대학교 초등교육과 졸업,28,,Gsg3001/Hb100135352/gicho/thumbnail.100135352.JPG,선거공보||20200415/PDF/PBINFO/3001/003_100135352_20200330_2.pdf||,,,,,,,,,,,,,,,,,Y,http://policy.nec.go.kr/plc/common/downloadFile.do?requestedFileName=100135352.pdf&requestedFullPath=20200415/PDF/PBINFO/3001/003_100135352_20200330_2.pdf
I,1,1,10,10,10,1,1,10,1,,,20200415,,,,,,,,,,,,,,,2300201,중구,,,,,,100,더불어민주당,100136669,황운하,1,정당인,성균관대학교 대학원 졸업(법학박사),28,,Gsg3002/Hb100136669/gicho/thumbnail.100136669.JPG,선거공보||20200415/PDF/PBINFO/3002/003_100136669_20200331_1.pdf||,,,,,,,,,,,,,,,,,Y,http://policy.nec.go.kr/plc/common/downloadFile.do?requestedFileName=100136669.pdf&requestedFullPath=20200415/PDF/PBINFO/3002/003_100136669_20200331_1.pdf
I,1,1,10,10,10,1,1,10,1,,,20200415,,,,,,,,,,,,,,,2300201,중구,,,,,,200,미래통합당,100137287,이은권,2,국회의원,단국대학교 행정법무대학원 졸업(행정학 석사),28,,Gsg3002/Hb100137287/gicho/thumbnail.100137287.JPG,선거공보||20200415/PDF/PBINFO/3002/003_100137287_20200331_1.pdf||,,,,,,,,,,,,,,,,,Y,http://policy.nec.go.kr/plc/common/downloadFile.do?requestedFileName=100137287.pdf&requestedFullPath=20200415/PDF/PBINFO/3002/003_100137287_20200331_1.pdf
I,1,1,10,10,10,1,1,10,1,,,20200415,,,,,,,,,,,,,,,2300201,중구,,,,,,5031,국가혁명배당금당,100135787,홍세영,7,한의사,대전대학교 대학원 한의학과 졸업(석사),28,,Gsg3002/Hb100135787/gicho/thumbnail.100135787.JPG,선거공보||20200415/PDF/PBINFO/3002/003_100135787_20200331_1.pdf||,,,,,,,,,,,,,,,,,Y,http://policy.nec.go.kr/plc/common/downloadFile.do?requestedFileName=100135787.pdf&requestedFullPath=20200415/PDF/PBINFO/3002/003_100135787_20200331_1.pdf
I,1,1,10,10,10,1,1,10,1,,,20200415,,,,,,,,,,,,,,,2300301,서구갑,,,,,,100,더불어민주당,100137585,박병석,1,국회의원,한양대학교 대학원 박사과정 수료,28,,Gsg3003/Hb100137585/gicho/thumbnail.100137585.JPG,선거공보||20200415/PDF/PBINFO/3003/003_100137585_20200404_3.pdf||,,,,,,,,,,,,,,,,,Y,http://policy.nec.go.kr/plc/common/downloadFile.do?requestedFileName=100137585.pdf&requestedFullPath=20200415/PDF/PBINFO/3003/003_100137585_20200404_3.pdf
I,1,1,10,10,10,1,1,10,1,,,20200415,,,,,,,,,,,,,,,2300301,서구갑,,,,,,200,미래통합당,100134679,이영규,2,변호사,서울대학교 행정대학원 졸업(행정학석사),28,,Gsg3003/Hb100134679/gicho/thumbnail.100134679.JPG,선거공보||20200415/PDF/PBINFO/3003/003_100134679_20200404_6.pdf||,,,,,,,,,,,,,,,,,Y,http://policy.nec.go.kr/plc/common/downloadFile.do?requestedFileName=100134679.pdf&requestedFullPath=20200415/PDF/PBINFO/3003/003_100134679_20200404_6.pdf
I,1,1,10,10,10,1,1,10,1,,,20200415,,,,,,,,,,,,,,,2300301,서구갑,,,,,,5031,국가혁명배당금당,100135357,김순자,7,중소기업임원,미기재,28,,Gsg3003/Hb100135357/gicho/thumbnail.100135357.JPG,선거공보||20200415/PDF/PBINFO/3003/003_100135357_20200403_1.pdf||,,,,,,,,,,,,,,,,,Y,http://policy.nec.go.kr/plc/common/downloadFile.do?requestedFileName=100135357.pdf&requestedFullPath=20200415/PDF/PBINFO/3003/003_100135357_20200403_1.pdf
I,1,1,10,10,10,1,1,10,1,,,20200415,,,,,,,,,,,,,,,2300301,서구갑,,,,,,5041,충청의미래당,100137625,이강철,8,사단법인 한국청년회의소(JC)연수원 교수,한남대학교 국어국문학과 졸업,28,,Gsg3003/Hb100137625/gicho/thumbnail.100137625.JPG,선거공보||20200415/PDF/PBINFO/3003/003_100137625_20200403_1.pdf||,,,,,,,,,,,,,,,,,Y,http://policy.nec.go.kr/plc/common/downloadFile.do?requestedFileName=100137625.pdf&requestedFullPath=20200415/PDF/PBINFO/3003/003_100137625_20200403_1.pdf
I,1,1,10,10,10,1,1,10,1,,,20200415,,,,,,,,,,,,,,,2300302,서구을,,,,,,100,더불어민주당,100137456,박범계,1,국회의원,연세대학교 법학과 졸업,28,,Gsg3003/Hb100137456/gicho/thumbnail.100137456.JPG,선거공보||20200415/PDF/PBINFO/3003/003_100137456_20200404_2.pdf||,,,,,,,,,,,,,,,,,Y,http://policy.nec.go.kr/plc/common/downloadFile.do?requestedFileName=100137456.pdf&requestedFullPath=20200415/PDF/PBINFO/3003/003_100137456_20200404_2.pdf
I,1,1,10,10,10,1,1,10,1,,,20200415,,,,,,,,,,,,,,,2300302,서구을,,,,,,200,미래통합당,100134712,양홍규,2,법무법인 충청우산 변호사,성균관대학교 법학과 졸업,28,,Gsg3003/Hb100134712/gicho/thumbnail.100134712.JPG,선거공보||20200415/PDF/PBINFO/3003/003_100134712_20200403_1.pdf||,,,,,,,,,,,,,,,,,Y,http://policy.nec.go.kr/plc/common/downloadFile.do?requestedFileName=100134712.pdf&requestedFullPath=20200415/PDF/PBINFO/3003/003_100134712_20200403_1.pdf
I,1,1,10,10,10,1,1,10,1,,,20200415,,,,,,,,,,,,,,,2310101,중구,,,,,,100,더불어민주당,100136207,임동호,1,정당인,성균관대학교 대학원 섬유공학과 졸업(공학박사),28,,Gsg3101/Hb100136207/gicho/thumbnail.100136207.JPG,선거공보||20200415/PDF/PBINFO/3101/003_100136207_20200404_1.pdf||,,,,,,,,,,,,,,,,,Y,http://policy.nec.go.kr/plc/common/downloadFile.do?requestedFileName=100136207.pdf&requestedFullPath=20200415/PDF/PBINFO/3101/003_100136207_20200404_1.pdf
I,1,1,10,10,10,1,1,10,1,,,20200415,,,,,,,,,,,,,,,2310101,중구,,,,,,200,미래통합당,100136610,박성민,2,정당인,울산대학교 정책대학원 졸업(행정학석사),28,,Gsg3101/Hb100136610/gicho/thumbnail.100136610.JPG,선거공보||20200415/PDF/PBINFO/3101/003_100136610_20200404_1.pdf||,,,,,,,,,,,,,,,,,Y,http://policy.nec.go.kr/plc/common/downloadFile.do?requestedFileName=100136610.pdf&requestedFullPath=20200415/PDF/PBINFO/3101/003_100136610_20200404_1.pdf
I,1,1,10,10,10,1,1,10,1,,,20200415,,,,,,,,,,,,,,,2310101,중구,,,,,,5031,국가혁명배당금당,100136462,송난희,7,정당인,지산간호보건전문대학(현.부산가톨릭대학교) 임상병리과 졸업,28,,Gsg3101/Hb100136462/gicho/thumbnail.100136462.JPG,선거공보||20200415/PDF/PBINFO/3101/003_100136462_20200404_2.pdf||,,,,,,,,,,,,,,,,,Y,http://policy.nec.go.kr/plc/common/downloadFile.do?requestedFileName=100136462.pdf&requestedFullPath=20200415/PDF/PBINFO/3101/003_100136462_20200404_2.pdf
I,1,1,10,10,10,1,1,10,1,,,20200415,,,,,,,,,,,,,,,2310101,중구,,,,,,1988,노동당,100134768,이향희,8,정당인,숙명여자대학교 교육심리학과 졸업,28,,Gsg3101/Hb100134768/gicho/thumbnail.100134768.JPG,선거공보||20200415/PDF/PBINFO/3101/003_100134768_20200404_1.pdf||,,,,,,,,,,,,,,,,,Y,http://policy.nec.go.kr/plc/common/downloadFile.do?requestedFileName=100134768.pdf&requestedFullPath=20200415/PDF/PBINFO/3101/003_100134768_20200404_1.pdf
I,1,1,10,10,10,1,1,10,1,,,20200415,,,,,,,,,,,,,,,2310101,중구,,,,,,9999,무소속,100135271,이철수,9,울산사회교육연구소장,부산대학교 교육대학원 졸업(교육학 석사),28,,Gsg3101/Hb100135271/gicho/thumbnail.100135271.JPG,선거공보||20200415/PDF/PBINFO/3101/003_100135271_20200404_1.pdf||,,,,,,,,,,,,,,,,,Y,http://policy.nec.go.kr/plc/common/downloadFile.do?requestedFileName=100135271.pdf&requestedFullPath=20200415/PDF/PBINFO/3101/003_100135271_20200404_1.pdf
I,1,1,10,10,10,1,1,10,1,,,20200415,,,,,,,,,,,,,,,2310201,남구갑,,,,,,100,더불어민주당,100135314,심규명,1,변호사,고려대학교 법학과 졸업,28,,Gsg3102/Hb100135314/gicho/thumbnail.100135314.JPG,선거공보||20200415/PDF/PBINFO/3102/003_100135314_20200402_1.pdf||,,,,,,,,,,,,,,,,,Y,http://policy.nec.go.kr/plc/common/downloadFile.do?requestedFileName=100135314.pdf&requestedFullPath=20200415/PDF/PBINFO/3102/003_100135314_20200402_1.pdf
I,1,1,10,10,10,1,1,10,1,,,20200415,,,,,,,,,,,,,,,2310201,남구갑,,,,,,200,미래통합당,100137075,이채익,2,국회의원,울산대학교 일반대학원 졸업(행정학박사),28,,Gsg3102/Hb100137075/gicho/thumbnail.100137075.JPG,선거공보||20200415/PDF/PBINFO/3102/003_100137075_20200402_1.pdf||,,,,,,,,,,,,,,,,,Y,http://policy.nec.go.kr/plc/common/downloadFile.do?requestedFileName=100137075.pdf&requestedFullPath=20200415/PDF/PBINFO/3102/003_100137075_20200402_1.pdf
I,1,1,10,10,10,1,1,10,1,,,20200415,,,,,,,,,,,,,,,2310201,남구갑,,,,,,2080,민생당,100135192,강석구,3,진산선무(주) 대표이사,울산대학교 일반대학원 졸업(경제학박사),28,,Gsg3102/Hb100135192/gicho/thumbnail.100135192.JPG,선거공보||20200415/PDF/PBINFO/3102/003_100135192_20200402_1.pdf||,,,,,,,,,,,,,,,,,Y,http://policy.nec.go.kr/plc/common/downloadFile.do?requestedFileName=100135192.pdf&requestedFullPath=20200415/PDF/PBINFO/3102/003_100135192_20200402_1.pdf
I,1,1,10,10,10,1,1,10,1,,,20200415,,,,,,,,,,,,,,,2310201,남구갑,,,,,,5031,국가혁명배당금당,100137314,이수복,7,사회복지사,위덕대학교 불교대학원 불교학과 졸업(문학석사),28,,Gsg3102/Hb100137314/gicho/thumbnail.100137314.JPG,선거공보||20200415/PDF/PBINFO/3102/003_100137314_20200402_1.pdf||,,,,,,,,,,,,,,,,,Y,http://policy.nec.go.kr/plc/common/downloadFile.do?requestedFileName=100137314.pdf&requestedFullPath=20200415/PDF/PBINFO/3102/003_100137314_20200402_1.pdf
I,1,1,10,10,10,1,1,10,1,,,20200415,,,,,,,,,,,,,,,2310202,남구을,,,,,,100,더불어민주당,100135327,박성진,1,정치인,울산전문대학 공업경영과 졸업,28,,Gsg3102/Hb100135327/gicho/thumbnail.100135327.JPG,선거공보||20200415/PDF/PBINFO/3102/003_100135327_20200402_1.pdf||,,,,,,,,,,,,,,,,,Y,http://policy.nec.go.kr/plc/common/downloadFile.do?requestedFileName=100135327.pdf&requestedFullPath=20200415/PDF/PBINFO/3102/003_100135327_20200402_1.pdf
I,1,1,10,10,10,1,1,10,1,,,20200415,,,,,,,,,,,,,,,2310202,남구을,,,,,,200,미래통합당,100136597,김기현,2,정당인,서울대학교 법학과 졸업,28,,Gsg3102/Hb100136597/gicho/thumbnail.100136597.JPG,선거공보||20200415/PDF/PBINFO/3102/003_100136597_20200402_2.pdf||,,,,,,,,,,,,,,,,,Y,http://policy.nec.go.kr/plc/common/downloadFile.do?requestedFileName=100136597.pdf&requestedFullPath=20200415/PDF/PBINFO/3102/003_100136597_20200402_2.pdf
I,1,1,10,10,10,1,1,10,1,,,20200415,,,,,,,,,,,,,,,2310202,남구을,,,,,,5031,국가혁명배당금당,100135709,박병욱,7,정당인,"미국 피츠버그대학교 화학과 대학원졸업(이학박사, 1981.9 ~ 1985.8.)",28,,Gsg3102/Hb100135709/gicho/thumbnail.100135709.JPG,선거공보||20200415/PDF/PBINFO/3102/003_100135709_20200402_1.pdf||,,,,,,,,,,,,,,,,,Y,http://policy.nec.go.kr/plc/common/downloadFile.do?requestedFileName=100135709.pdf&requestedFullPath=20200415/PDF/PBINFO/3102/003_100135709_20200402_1.pdf
I,1,1,10,10,10,1,1,10,1,,,20200415,,,,,,,,,,,,,,,2410101,수원시갑,,,,,,100,더불어민주당,100134971,김승원,1,법무법인 호민 대표 변호사,서울대학교 법과대학 공법학과 졸업,240,,Gsg4101/Hb100134971/gicho/thumbnail.100134971.JPG,선거공보||20200415/PDF/PBINFO/4101/003_100134971_20200401_1.pdf||,,,,,,,,,,,,,,,,,Y,http://policy.nec.go.kr/plc/common/downloadFile.do?requestedFileName=100134971.pdf&requestedFullPath=20200415/PDF/PBINFO/4101/003_100134971_20200401_1.pdf
I,1,1,10,10,10,1,1,10,1,,,20200415,,,,,,,,,,,,,,,2410101,수원시갑,,,,,,200,미래통합당,100135008,이창성,2,정당인,고려대학교 공학대학원 졸업(공학석사),240,,Gsg4101/Hb100135008/gicho/thumbnail.100135008.JPG,선거공보||20200415/PDF/PBINFO/4101/003_100135008_20200401_1.pdf||,,,,,,,,,,,,,,,,,Y,http://policy.nec.go.kr/plc/common/downloadFile.do?requestedFileName=100135008.pdf&requestedFullPath=20200415/PDF/PBINFO/4101/003_100135008_20200401_1.pdf
I,1,1,10,10,10,1,1,10,1,,,20200415,,,,,,,,,,,,,,,2410101,수원시갑,,,,,,5031,국가혁명배당금당,100136256,변진선,7,정당인,미기재,240,,Gsg4101/Hb100136256/gicho/thumbnail.100136256.JPG,선거공보||20200415/PDF/PBINFO/4101/003_100136256_20200401_1.pdf||,,,,,,,,,,,,,,,,,Y,http://policy.nec.go.kr/plc/common/downloadFile.do?requestedFileName=100136256.pdf&requestedFullPath=20200415/PDF/PBINFO/4101/003_100136256_20200401_1.pdf
I,1,1,10,10,10,1,1,10,1,,,20200415,,,,,,,,,,,,,,,2410201,수원시을,,,,,,100,더불어민주당,100137315,백혜련,1,국회의원,고려대학교 문과대학 사회학과 졸업,240,,Gsg4102/Hb100137315/gicho/thumbnail.100137315.JPG,선거공보||20200415/PDF/PBINFO/4102/003_100137315_20200402_1.pdf||,,,,,,,,,,,,,,,,,Y,http://policy.nec.go.kr/plc/common/downloadFile.do?requestedFileName=100137315.pdf&requestedFullPath=20200415/PDF/PBINFO/4102/003_100137315_20200402_1.pdf
I,1,1,10,10,10,1,1,10,1,,,20200415,,,,,,,,,,,,,,,2410201,수원시을,,,,,,200,미래통합당,100135240,정미경,2,변호사,고려대학교 법과대학 법학과 졸업,240,,Gsg4102/Hb100135240/gicho/thumbnail.100135240.JPG,선거공보||20200415/PDF/PBINFO/4102/003_100135240_20200402_1.pdf||,,,,,,,,,,,,,,,,,Y,http://policy.nec.go.kr/plc/common/downloadFile.do?requestedFileName=100135240.pdf&requestedFullPath=20200415/PDF/PBINFO/4102/003_100135240_20200402_1.pdf
I,1,1,10,10,10,1,1,10,1,,,20200415,,,,,,,,,,,,,,,2410201,수원시을,,,,,,5031,국가혁명배당금당,100135313,황지윤,7,정당인,한국방송통신대학교 보건환경학과 1학년 재학,240,,Gsg4102/Hb100135313/gicho/thumbnail.100135313.JPG,선거공보||20200415/PDF/PBINFO/4102/003_100135313_20200402_1.pdf||,,,,,,,,,,,,,,,,,Y,http://policy.nec.go.kr/plc/common/downloadFile.do?requestedFileName=100135313.pdf&requestedFullPath=20200415/PDF/PBINFO/4102/003_100135313_20200402_1.pdf
I,1,1,10,10,10,1,1,10,1,,,20200415,,,,,,,,,,,,,,,2410301,수원시병,,,,,,100,더불어민주당,100137250,김영진,1,국회의원,중앙대학교 경영학과 졸업,240,,Gsg4103/Hb100137250/gicho/thumbnail.100137250.JPG,선거공보||20200415/PDF/PBINFO/4103/003_100137250_20200404_1.pdf||,,,,,,,,,,,,,,,,,Y,http://policy.nec.go.kr/plc/common/downloadFile.do?requestedFileName=100137250.pdf&requestedFullPath=20200415/PDF/PBINFO/4103/003_100137250_20200404_1.pdf
I,1,1,10,10,10,1,1,10,1,,,20200415,,,,,,,,,,,,,,,2410301,수원시병,,,,,,200,미래통합당,100134648,김용남,2,법무법인 일호 대표 변호사,서울대학교 법과대학 사법학과 졸업,240,,Gsg4103/Hb100134648/gicho/thumbnail.100134648.JPG,선거공보||20200415/PDF/PBINFO/4103/003_100134648_20200404_1.pdf||,,,,,,,,,,,,,,,,,Y,http://policy.nec.go.kr/plc/common/downloadFile.do?requestedFileName=100134648.pdf&requestedFullPath=20200415/PDF/PBINFO/4103/003_100134648_20200404_1.pdf
I,1,1,10,10,10,1,1,10,1,,,20200415,,,,,,,,,,,,,,,2410301,수원시병,,,,,,730,정의당,100136642,박예휘,6,정당인(정의당 부대표),미기재,240,,Gsg4103/Hb100136642/gicho/thumbnail.100136642.JPG,선거공보||20200415/PDF/PBINFO/4103/003_100136642_20200404_1.pdf||,,,,,,,,,,,,,,,,,Y,http://policy.nec.go.kr/plc/common/downloadFile.do?requestedFileName=100136642.pdf&requestedFullPath=20200415/PDF/PBINFO/4103/003_100136642_20200404_1.pdf
I,1,1,10,10,10,1,1,10,1,,,20200415,,,,,,,,,,,,,,,2410301,수원시병,,,,,,5000,우리공화당,100137610,진재범,7,미국변호사,연세대학교 정치외교학과 졸업,240,,Gsg4103/Hb100137610/gicho/thumbnail.100137610.JPG,선거공보||20200415/PDF/PBINFO/4103/003_100137610_20200404_1.pdf||,,,,,,,,,,,,,,,,,Y,http://policy.nec.go.kr/plc/common/downloadFile.do?requestedFileName=100137610.pdf&requestedFullPath=20200415/PDF/PBINFO/4103/003_100137610_20200404_1.pdf
I,1,1,10,10,10,1,1,10,1,,,20200415,,,,,,,,,,,,,,,2410301,수원시병,,,,,,5010,민중당,100135173,임미숙,8,정당인,"성균관대학교 섬유공학과 중퇴(2년, 1988.3월~1990.2월)",240,,Gsg4103/Hb100135173/gicho/thumbnail.100135173.JPG,선거공보||20200415/PDF/PBINFO/4103/003_100135173_20200404_1.pdf||,,,,,,,,,,,,,,,,,Y,http://policy.nec.go.kr/plc/common/downloadFile.do?requestedFileName=100135173.pdf&requestedFullPath=20200415/PDF/PBINFO/4103/003_100135173_20200404_1.pdf
I,1,1,10,10,10,1,1,10,1,,,20200415,,,,,,,,,,,,,,,2410401,수원시정,,,,,,100,더불어민주당,100137627,박광온,1,국회의원,고려대학교 사회학과 졸업,240,,Gsg4104/Hb100137627/gicho/thumbnail.100137627.JPG,선거공보||20200415/PDF/PBINFO/4104/003_100137627_20200404_1.pdf||,,,,,,,,,,,,,,,,,Y,http://policy.nec.go.kr/plc/common/downloadFile.do?requestedFileName=100137627.pdf&requestedFullPath=20200415/PDF/PBINFO/4104/003_100137627_20200404_1.pdf
I,1,1,10,10,10,1,1,10,1,,,20200415,,,,,,,,,,,,,,,2420101,춘천시철원군화천군양구군갑,,,,,,100,더불어민주당,100134571,허영,1,정당인,고려대학교 정책대학원 석사과정 국제관계학과 수료,37,,Gsg4201/Hb100134571/gicho/thumbnail.100134571.JPG,선거공보||20200415/PDF/PBINFO/4201/003_100134571_20200403_1.pdf||,,,,,,,,,,,,,,,,,Y,http://policy.nec.go.kr/plc/common/downloadFile.do?requestedFileName=100134571.pdf&requestedFullPath=20200415/PDF/PBINFO/4201/003_100134571_20200403_1.pdf
I,1,1,10,10,10,1,1,10,1,,,20200415,,,,,,,,,,,,,,,2420101,춘천시철원군화천군양구군갑,,,,,,200,미래통합당,100137508,김진태,2,국회의원,서울대학교 법과대학 공법학과 졸업,37,,Gsg4201/Hb100137508/gicho/thumbnail.100137508.JPG,선거공보||20200415/PDF/PBINFO/4201/003_100137508_20200403_1.pdf||,,,,,,,,,,,,,,,,,Y,http://policy.nec.go.kr/plc/common/downloadFile.do?requestedFileName=100137508.pdf&requestedFullPath=20200415/PDF/PBINFO/4201/003_100137508_20200403_1.pdf
I,1,1,10,10,10,1,1,10,1,,,20200415,,,,,,,,,,,,,,,2420101,춘천시철원군화천군양구군갑,,,,,,730,정의당,100134579,엄재철,6,정당인,강원대학교 산업공학과 졸업,37,,Gsg4201/Hb100134579/gicho/thumbnail.100134579.JPG,선거공보||20200415/PDF/PBINFO/4201/003_100134579_20200403_1.pdf||,,,,,,,,,,,,,,,,,Y,http://policy.nec.go.kr/plc/common/downloadFile.do?requestedFileName=100134579.pdf&requestedFullPath=20200415/PDF/PBINFO/4201/003_100134579_20200403_1.pdf
I,1,1,10,10,10,1,1,10,1,,,20200415,,,,,,,,,,,,,,,2420101,춘천시철원군화천군양구군갑,,,,,,5031,국가혁명배당금당,100135279,한준모,7,주식회사 에이치엔써지컬 대표,연세대학교 임상병리학과 졸업,37,,Gsg4201/Hb100135279/gicho/thumbnail.100135279.JPG,선거공보||20200415/PDF/PBINFO/4201/003_100135279_20200403_1.pdf||,,,,,,,,,,,,,,,,,Y,http://policy.nec.go.kr/plc/common/downloadFile.do?requestedFileName=100135279.pdf&requestedFullPath=20200415/PDF/PBINFO/4201/003_100135279_20200403_1.pdf
I,1,1,10,10,10,1,1,10,1,,,20200415,,,,,,,,,,,,,,,2420102,춘천시철원군화천군양구군을,,,,,,100,더불어민주당,100136416,정만호,1,정당인,고려대학교 정경대학 경제학과 졸업,37,,Gsg4201/Hb100136416/gicho/thumbnail.100136416.JPG,선거공보||20200415/PDF/PBINFO/4201/003_100136416_20200403_1.pdf||,,,,,,,,,,,,,,,,,Y,http://policy.nec.go.kr/plc/common/downloadFile.do?requestedFileName=100136416.pdf&requestedFullPath=20200415/PDF/PBINFO/4201/003_100136416_20200403_1.pdf
I,1,1,10,10,10,1,1,10,1,,,20200415,,,,,,,,,,,,,,,2420102,춘천시철원군화천군양구군을,,,,,,200,미래통합당,100134586,한기호,2,정당인,육군사관학교 졸업,37,,Gsg4201/Hb100134586/gicho/thumbnail.100134586.JPG,선거공보||20200415/PDF/PBINFO/4201/003_100134586_20200404_2.pdf||,,,,,,,,,,,,,,,,,Y,http://policy.nec.go.kr/plc/common/downloadFile.do?requestedFileName=100134586.pdf&requestedFullPath=20200415/PDF/PBINFO/4201/003_100134586_20200404_2.pdf
I,1,1,10,10,10,1,1,10,1,,,20200415,,,,,,,,,,,,,,,2420102,춘천시철원군화천군양구군을,,,,,,5031,국가혁명배당금당,100137359,유우림,7,건축업,함창고등학교 졸업,37,,Gsg4201/Hb100137359/gicho/thumbnail.100137359.JPG,선거공보||20200415/PDF/PBINFO/4201/003_100137359_20200403_1.pdf||,,,,,,,,,,,,,,,,,Y,http://policy.nec.go.kr/plc/common/downloadFile.do?requestedFileName=100137359.pdf&requestedFullPath=20200415/PDF/PBINFO/4201/003_100137359_20200403_1.pdf
I,1,1,10,10,10,1,1,10,1,,,20200415,,,,,,,,,,,,,,,2420202,원주시갑,,,,,,100,더불어민주당,100137402,이광재,1,정당인,연세대학교 법과대학 법학과 졸업,37,,Gsg4202/Hb100137402/gicho/thumbnail.100137402.JPG,선거공보||20200415/PDF/PBINFO/4202/003_100137402_20200404_2.pdf||,,,,,,,,,,,,,,,,,Y,http://policy.nec.go.kr/plc/common/downloadFile.do?requestedFileName=100137402.pdf&requestedFullPath=20200415/PDF/PBINFO/4202/003_100137402_20200404_2.pdf
I,1,1,10,10,10,1,1,10,1,,,20200415,,,,,,,,,,,,,,,2420202,원주시갑,,,,,,200,미래통합당,100137751,박정하,2,정당인,고려대학교 농업경제학과 졸업,37,,Gsg4202/Hb100137751/gicho/thumbnail.100137751.JPG,선거공보||20200415/PDF/PBINFO/4202/003_100137751_20200403_1.pdf||,,,,,,,,,,,,,,,,,Y,http://policy.nec.go.kr/plc/common/downloadFile.do?requestedFileName=100137751.pdf&requestedFullPath=20200415/PDF/PBINFO/4202/003_100137751_20200403_1.pdf
I,1,1,10,10,10,1,1,10,1,,,20200415,,,,,,,,,,,,,,,2420202,원주시갑,,,,,,5000,우리공화당,100138029,이강범,7,정당인,상지대학교 법학과 졸업,37,,Gsg4202/Hb100138029/gicho/thumbnail.100138029.JPG,선거공보||20200415/PDF/PBINFO/4202/003_100138029_20200404_2.pdf||,,,,,,,,,,,,,,,,,Y,http://policy.nec.go.kr/plc/common/downloadFile.do?requestedFileName=100138029.pdf&requestedFullPath=20200415/PDF/PBINFO/4202/003_100138029_20200404_2.pdf
I,1,1,10,10,10,1,1,10,1,,,20200415,,,,,,,,,,,,,,,2420202,원주시갑,,,,,,5031,국가혁명배당금당,100137742,정상균,8,경비원,순천월전중학교 졸업,37,,Gsg4202/Hb100137742/gicho/thumbnail.100137742.JPG,선거공보||20200415/PDF/PBINFO/4202/003_100137742_20200403_1.pdf||,,,,,,,,,,,,,,,,,Y,http://policy.nec.go.kr/plc/common/downloadFile.do?requestedFileName=100137742.pdf&requestedFullPath=20200415/PDF/PBINFO/4202/003_100137742_20200403_1.pdf
I,1,1,10,10,10,1,1,10,1,,,20200415,,,,,,,,,,,,,,,2420202,원주시갑,,,,,,9999,무소속,100137758,권성중,9,변호사,한양대학교 법학과 졸업,37,,Gsg4202/Hb100137758/gicho/thumbnail.100137758.JPG,선거공보||20200415/PDF/PBINFO/4202/003_100137758_20200403_1.pdf||,,,,,,,,,,,,,,,,,Y,http://policy.nec.go.kr/plc/common/downloadFile.do?requestedFileName=100137758.pdf&requestedFullPath=20200415/PDF/PBINFO/4202/003_100137758_20200403_1.pdf
I,1,1,10,10,10,1,1,10,1,,,20200415,,,,,,,,,,,,,,,2430101,청주시상당구,,,,,,100,더불어민주당,100134650,정정순,1,정당인,청주대학교 대학원 행정학과 박사과정 수료,30,,Gsg4301/Hb100134650/gicho/thumbnail.100134650.JPG,선거공보||20200415/PDF/PBINFO/4301/003_100134650_20200404_1.pdf||,,,,,,,,,,,,,,,,,Y,http://policy.nec.go.kr/plc/common/downloadFile.do?requestedFileName=100134650.pdf&requestedFullPath=20200415/PDF/PBINFO/4301/003_100134650_20200404_1.pdf
I,1,1,10,10,10,1,1,10,1,,,20200415,,,,,,,,,,,,,,,2430101,청주시상당구,,,,,,200,미래통합당,100134749,윤갑근,2,법무법인 청녕 대표 변호사,성균관대학교 법학과 졸업,30,,Gsg4301/Hb100134749/gicho/thumbnail.100134749.JPG,선거공보||20200415/PDF/PBINFO/4301/003_100134749_20200404_1.pdf||,,,,,,,,,,,,,,,,,Y,http://policy.nec.go.kr/plc/common/downloadFile.do?requestedFileName=100134749.pdf&requestedFullPath=20200415/PDF/PBINFO/4301/003_100134749_20200404_1.pdf
I,1,1,10,10,10,1,1,10,1,,,20200415,,,,,,,,,,,,,,,2430101,청주시상당구,,,,,,2080,민생당,100137596,김홍배,3,보건에너지 대표,서원대학교 경영학과 졸업,30,,Gsg4301/Hb100137596/gicho/thumbnail.100137596.JPG,선거공보||20200415/PDF/PBINFO/4301/003_100137596_20200404_1.pdf||,,,,,,,,,,,,,,,,,Y,http://policy.nec.go.kr/plc/common/downloadFile.do?requestedFileName=100137596.pdf&requestedFullPath=20200415/PDF/PBINFO/4301/003_100137596_20200404_1.pdf
I,1,1,10,10,10,1,1,10,1,,,20200415,,,,,,,,,,,,,,,2430101,청주시상당구,,,,,,730,정의당,100136919,김종대,6,국회의원,연세대학교 경제학과 졸업,30,,Gsg4301/Hb100136919/gicho/thumbnail.100136919.JPG,선거공보||20200415/PDF/PBINFO/4301/003_100136919_20200404_1.pdf||,,,,,,,,,,,,,,,,,Y,http://policy.nec.go.kr/plc/common/downloadFile.do?requestedFileName=100136919.pdf&requestedFullPath=20200415/PDF/PBINFO/4301/003_100136919_20200404_1.pdf
I,1,1,10,10,10,1,1,10,1,,,20200415,,,,,,,,,,,,,,,2430101,청주시상당구,,,,,,5031,국가혁명배당금당,100135605,홍경희,7,설비업,미기재,30,,Gsg4301/Hb100135605/gicho/thumbnail.100135605.JPG,선거공보||20200415/PDF/PBINFO/4301/003_100135605_20200404_1.pdf||,,,,,,,,,,,,,,,,,Y,http://policy.nec.go.kr/plc/common/downloadFile.do?requestedFileName=100135605.pdf&requestedFullPath=20200415/PDF/PBINFO/4301/003_100135605_20200404_1.pdf
I,1,1,10,10,10,1,1,10,1,,,20200415,,,,,,,,,,,,,,,2430201,청주시서원구,,,,,,100,더불어민주당,100136234,이장섭,1,정당인,충북대학교 국어국문학과 졸업,30,,Gsg4314/Hb100136234/gicho/thumbnail.100136234.JPG,선거공보||20200415/PDF/PBINFO/4314/003_100136234_20200404_1.pdf||,,,,,,,,,,,,,,,,,Y,http://policy.nec.go.kr/plc/common/downloadFile.do?requestedFileName=100136234.pdf&requestedFullPath=20200415/PDF/PBINFO/4314/003_100136234_20200404_1.pdf
I,1,1,10,10,10,1,1,10,1,,,20200415,,,,,,,,,,,,,,,2430201,청주시서원구,,,,,,200,미래통합당,100134883,최현호,2,충북대학교 초빙교수,충북대학교 대학원 졸업(법학박사),30,,Gsg4314/Hb100134883/gicho/thumbnail.100134883.JPG,선거공보||20200415/PDF/PBINFO/4314/003_100134883_20200404_1.pdf||,,,,,,,,,,,,,,,,,Y,http://policy.nec.go.kr/plc/common/downloadFile.do?requestedFileName=100134883.pdf&requestedFullPath=20200415/PDF/PBINFO/4314/003_100134883_20200404_1.pdf
I,1,1,10,10,10,1,1,10,1,,,20200415,,,,,,,,,,,,,,,2430201,청주시서원구,,,,,,2080,민생당,100134951,이창록,3,(주)승민디엔씨 대표,고려대학교 경영정보대학원 재학중,30,,Gsg4314/Hb100134951/gicho/thumbnail.100134951.JPG,선거공보||20200415/PDF/PBINFO/4314/003_100134951_20200404_1.pdf||,,,,,,,,,,,,,,,,,Y,http://policy.nec.go.kr/plc/common/downloadFile.do?requestedFileName=100134951.pdf&requestedFullPath=20200415/PDF/PBINFO/4314/003_100134951_20200404_1.pdf
I,1,1,10,10,10,1,1,10,1,,,20200415,,,,,,,,,,,,,,,2430201,청주시서원구,,,,,,5031,국가혁명배당금당,100135253,김민수,7,용접프리랜서,청주공업고등학교중퇴(1983.3.5.~1983.5.17.),30,,Gsg4314/Hb100135253/gicho/thumbnail.100135253.JPG,선거공보||20200415/PDF/PBINFO/4314/003_100135253_20200404_1.pdf||,,,,,,,,,,,,,,,,,Y,http://policy.nec.go.kr/plc/common/downloadFile.do?requestedFileName=100135253.pdf&requestedFullPath=20200415/PDF/PBINFO/4314/003_100135253_20200404_1.pdf
I,1,1,10,10,10,1,1,10,1,,,20200415,,,,,,,,,,,,,,,2430202,청주시흥덕구,,,,,,100,더불어민주당,100137418,도종환,1,국회의원,충남대학교 대학원 졸업(문학박사),30,,Gsg4302/Hb100137418/gicho/thumbnail.100137418.JPG,선거공보||20200415/PDF/PBINFO/4302/003_100137418_20200403_1.pdf||,,,,,,,,,,,,,,,,,Y,http://policy.nec.go.kr/plc/common/downloadFile.do?requestedFileName=100137418.pdf&requestedFullPath=20200415/PDF/PBINFO/4302/003_100137418_20200403_1.pdf
I,1,1,10,10,10,1,1,10,1,,,20200415,,,,,,,,,,,,,,,2430202,청주시흥덕구,,,,,,200,미래통합당,100137419,정우택,2,국회의원,미국 하와이대학교 대학원 졸업(경제학박사)(1984.6~1987.5),30,,Gsg4302/Hb100137419/gicho/thumbnail.100137419.JPG,선거공보||20200415/PDF/PBINFO/4302/003_100137419_20200403_1.pdf||,,,,,,,,,,,,,,,,,Y,http://policy.nec.go.kr/plc/common/downloadFile.do?requestedFileName=100137419.pdf&requestedFullPath=20200415/PDF/PBINFO/4302/003_100137419_20200403_1.pdf
I,1,1,10,10,10,1,1,10,1,,,20200415,,,,,,,,,,,,,,,2430202,청주시흥덕구,,,,,,5031,국가혁명배당금당,100135355,서동신,7,건설업,미원고등학교 졸업,30,,Gsg4302/Hb100135355/gicho/thumbnail.100135355.JPG,선거공보||20200415/PDF/PBINFO/4302/003_100135355_20200403_1.pdf||,,,,,,,,,,,,,,,,,Y,http://policy.nec.go.kr/plc/common/downloadFile.do?requestedFileName=100135355.pdf&requestedFullPath=20200415/PDF/PBINFO/4302/003_100135355_20200403_1.pdf
I,1,1,10,10,10,1,1,10,1,,,20200415,,,,,,,,,,,,,,,2440101,천안시갑,,,,,,100,더불어민주당,100136766,문진석,1,단국대학교 초빙교수,서울과학기술대학교 에너지환경대학원 박사과정 수료,44,,Gsg4418/Hb100136766/gicho/thumbnail.100136766.JPG,선거공보||20200415/PDF/PBINFO/4418/003_100136766_20200404_1.pdf||,,,,,,,,,,,,,,,,,Y,http://policy.nec.go.kr/plc/common/downloadFile.do?requestedFileName=100136766.pdf&requestedFullPath=20200415/PDF/PBINFO/4418/003_100136766_20200404_1.pdf
I,1,1,10,10,10,1,1,10,1,,,20200415,,,,,,,,,,,,,,,2440101,천안시갑,,,,,,200,미래통합당,100136513,신범철,2,정당인,"미국조지타운대학교 법학전문대학원졸업(법학박사, 2005.8-2007.5)",44,,Gsg4418/Hb100136513/gicho/thumbnail.100136513.JPEG,선거공보||20200415/PDF/PBINFO/4418/003_100136513_20200404_1.pdf||,,,,,,,,,,,,,,,,,Y,http://policy.nec.go.kr/plc/common/downloadFile.do?requestedFileName=100136513.pdf&requestedFullPath=20200415/PDF/PBINFO/4418/003_100136513_20200404_1.pdf
I,1,1,10,10,10,1,1,10,1,,,20200415,,,,,,,,,,,,,,,2440101,천안시갑,,,,,,5000,우리공화당,100137224,정조희,7,정당인,한영신학대학교(현 서울한영대학교)대학원졸업(신학석사),44,,Gsg4418/Hb100137224/gicho/thumbnail.100137224.JPG,선거공보||20200415/PDF/PBINFO/4418/003_100137224_20200404_1.pdf||,,,,,,,,,,,,,,,,,Y,http://policy.nec.go.kr/plc/common/downloadFile.do?requestedFileName=100137224.pdf&requestedFullPath=20200415/PDF/PBINFO/4418/003_100137224_20200404_1.pdf
I,1,1,10,10,10,1,1,10,1,,,20200415,,,,,,,,,,,,,,,2440101,천안시갑,,,,,,5044,친박신당,100137561,조세빈,8,정당인,단국대학교 TESOL대학원(TESOL학석사)졸업,44,,Gsg4418/Hb100137561/gicho/thumbnail.100137561.JPG,선거공보||20200415/PDF/PBINFO/4418/003_100137561_20200404_1.pdf||,,,,,,,,,,,,,,,,,Y,http://policy.nec.go.kr/plc/common/downloadFile.do?requestedFileName=100137561.pdf&requestedFullPath=20200415/PDF/PBINFO/4418/003_100137561_20200404_1.pdf
I,1,1,10,10,10,1,1,10,1,,,20200415,,,,,,,,,,,,,,,2440101,천안시갑,,,,,,5031,국가혁명배당금당,100137981,김재원,9,회사원,동양공업전문대학 자동화시스템계열 메카트로닉스전공 졸업,44,,Gsg4418/Hb100137981/gicho/thumbnail.100137981.JPG,선거공보||20200415/PDF/PBINFO/4418/003_100137981_20200404_1.pdf||,,,,,,,,,,,,,,,,,Y,http://policy.nec.go.kr/plc/common/downloadFile.do?requestedFileName=100137981.pdf&requestedFullPath=20200415/PDF/PBINFO/4418/003_100137981_20200404_1.pdf
I,1,1,10,10,10,1,1,10,1,,,20200415,,,,,,,,,,,,,,,2440102,천안시을,,,,,,100,더불어민주당,100136702,박완주,1,국회의원,성균관대학교 한국철학과 졸업,44,,Gsg4417/Hb100136702/gicho/thumbnail.100136702.JPG,선거공보||20200415/PDF/PBINFO/4417/003_100136702_20200404_1.pdf||,,,,,,,,,,,,,,,,,Y,http://policy.nec.go.kr/plc/common/downloadFile.do?requestedFileName=100136702.pdf&requestedFullPath=20200415/PDF/PBINFO/4417/003_100136702_20200404_1.pdf
I,1,1,10,10,10,1,1,10,1,,,20200415,,,,,,,,,,,,,,,2440102,천안시을,,,,,,200,미래통합당,100137474,이정만,2,법률사무소 정성 대표 변호사,연세대학교 법무대학원 졸업(산업재산권법 법학석사),44,,Gsg4417/Hb100137474/gicho/thumbnail.100137474.JPG,선거공보||20200415/PDF/PBINFO/4417/003_100137474_20200404_1.pdf||,,,,,,,,,,,,,,,,,Y,http://policy.nec.go.kr/plc/common/downloadFile.do?requestedFileName=100137474.pdf&requestedFullPath=20200415/PDF/PBINFO/4417/003_100137474_20200404_1.pdf
I,1,1,10,10,10,1,1,10,1,,,20200415,,,,,,,,,,,,,,,2440102,천안시을,,,,,,730,정의당,100136790,박성필,6,치과의사,연세대학교 대학원 졸업(치의학석사),44,,Gsg4417/Hb100136790/gicho/thumbnail.100136790.JPG,선거공보||20200415/PDF/PBINFO/4417/003_100136790_20200404_1.pdf||,,,,,,,,,,,,,,,,,Y,http://policy.nec.go.kr/plc/common/downloadFile.do?requestedFileName=100136790.pdf&requestedFullPath=20200415/PDF/PBINFO/4417/003_100136790_20200404_1.pdf
I,1,1,10,10,10,1,1,10,1,,,20200415,,,,,,,,,,,,,,,2440102,천안시을,,,,,,5010,민중당,100136877,이영남,7,노동자(교육공무직),경북전문대학교 식품가공과 졸업(식품공업전문학사),44,,Gsg4417/Hb100136877/gicho/thumbnail.100136877.JPG,선거공보||20200415/PDF/PBINFO/4417/003_100136877_20200404_1.pdf||,,,,,,,,,,,,,,,,,Y,http://policy.nec.go.kr/plc/common/downloadFile.do?requestedFileName=100136877.pdf&requestedFullPath=20200415/PDF/PBINFO/4417/003_100136877_20200404_1.pdf
I,1,1,10,10,10,1,1,10,1,,,20200415,,,,,,,,,,,,,,,2440102,천안시을,,,,,,5031,국가혁명배당금당,100136075,김성용,8,회사원,동아대학교 기계공학과 졸업,44,,Gsg4417/Hb100136075/gicho/thumbnail.100136075.JPG,선거공보||20200415/PDF/PBINFO/4417/003_100136075_20200404_1.pdf||,,,,,,,,,,,,,,,,,Y,http://policy.nec.go.kr/plc/common/downloadFile.do?requestedFileName=100136075.pdf&requestedFullPath=20200415/PDF/PBINFO/4417/003_100136075_20200404_1.pdf
I,1,1,10,10,10,1,1,10,1,,,20200415,,,,,,,,,,,,,,,2440103,천안시병,,,,,,100,더불어민주당,100137353,이정문,1,변호사,한양대학교 법과대학 법학과 졸업,44,,Gsg4418/Hb100137353/gicho/thumbnail.100137353.JPG,선거공보||20200415/PDF/PBINFO/4418/003_100137353_20200404_1.pdf||,,,,,,,,,,,,,,,,,Y,http://policy.nec.go.kr/plc/common/downloadFile.do?requestedFileName=100137353.pdf&requestedFullPath=20200415/PDF/PBINFO/4418/003_100137353_20200404_1.pdf
I,1,1,10,10,10,1,1,10,1,,,20200415,,,,,,,,,,,,,,,2440103,천안시병,,,,,,200,미래통합당,100136816,이창수,2,정당인,단국대학교 국어국문학과 졸업,44,,Gsg4418/Hb100136816/gicho/thumbnail.100136816.JPG,선거공보||20200415/PDF/PBINFO/4418/003_100136816_20200404_1.pdf||,,,,,,,,,,,,,,,,,Y,http://policy.nec.go.kr/plc/common/downloadFile.do?requestedFileName=100136816.pdf&requestedFullPath=20200415/PDF/PBINFO/4418/003_100136816_20200404_1.pdf
I,1,1,10,10,10,1,1,10,1,,,20200415,,,,,,,,,,,,,,,2450101,전주시갑,,,,,,100,더불어민주당,100134742,김윤덕,1,정당인,전북대학교 상과대학 회계학과 졸업,44,,Gsg4501/Hb100134742/gicho/thumbnail.100134742.JPG,선거공보||20200415/PDF/PBINFO/4501/003_100134742_20200403_1.pdf||,,,,,,,,,,,,,,,,,Y,http://policy.nec.go.kr/plc/common/downloadFile.do?requestedFileName=100134742.pdf&requestedFullPath=20200415/PDF/PBINFO/4501/003_100134742_20200403_1.pdf
I,1,1,10,10,10,1,1,10,1,,,20200415,,,,,,,,,,,,,,,2450101,전주시갑,,,,,,730,정의당,100137544,염경석,6,정당인,전북대학교 법무대학원 석사과정 수료,44,,Gsg4501/Hb100137544/gicho/thumbnail.100137544.JPG,선거공보||20200415/PDF/PBINFO/4501/003_100137544_20200403_1.pdf||,,,,,,,,,,,,,,,,,Y,http://policy.nec.go.kr/plc/common/downloadFile.do?requestedFileName=100137544.pdf&requestedFullPath=20200415/PDF/PBINFO/4501/003_100137544_20200403_1.pdf
I,1,1,10,10,10,1,1,10,1,,,20200415,,,,,,,,,,,,,,,2450101,전주시갑,,,,,,5031,국가혁명배당금당,100135565,하태윤,7,정당인,미기재,44,,Gsg4501/Hb100135565/gicho/thumbnail.100135565.JPG,선거공보||20200415/PDF/PBINFO/4501/003_100135565_20200403_1.pdf||,,,,,,,,,,,,,,,,,Y,http://policy.nec.go.kr/plc/common/downloadFile.do?requestedFileName=100135565.pdf&requestedFullPath=20200415/PDF/PBINFO/4501/003_100135565_20200403_1.pdf
I,1,1,10,10,10,1,1,10,1,,,20200415,,,,,,,,,,,,,,,2450101,전주시갑,,,,,,3040,기독자유통일당,100137979,허성진,8,정당인,고려대학교 인문대학 북한학과 졸업,44,,Gsg4501/Hb100137979/gicho/thumbnail.100137979.JPG,선거공보||20200415/PDF/PBINFO/4501/003_100137979_20200403_1.pdf||,,,,,,,,,,,,,,,,,Y,http://policy.nec.go.kr/plc/common/downloadFile.do?requestedFileName=100137979.pdf&requestedFullPath=20200415/PDF/PBINFO/4501/003_100137979_20200403_1.pdf
I,1,1,10,10,10,1,1,10,1,,,20200415,,,,,,,,,,,,,,,2450101,전주시갑,,,,,,9999,무소속,100136712,김광수,9,국회의원,전북대학교 행정대학원 석사과정 졸업(지방자치학과),44,,Gsg4501/Hb100136712/gicho/thumbnail.100136712.JPG,선거공보||20200415/PDF/PBINFO/4501/003_100136712_20200403_1.pdf||,,,,,,,,,,,,,,,,,Y,http://policy.nec.go.kr/plc/common/downloadFile.do?requestedFileName=100136712.pdf&requestedFullPath=20200415/PDF/PBINFO/4501/003_100136712_20200403_1.pdf
I,1,1,10,10,10,1,1,10,1,,,20200415,,,,,,,,,,,,,,,2450101,전주시갑,,,,,,9999,무소속,100135082,이범석,10,퀵기사(오토바이 배달),장로회신학대학교 대학원 신학과 졸업,44,,Gsg4501/Hb100135082/gicho/thumbnail.100135082.JPG,선거공보||20200415/PDF/PBINFO/4501/003_100135082_20200403_1.pdf||,,,,,,,,,,,,,,,,,Y,http://policy.nec.go.kr/plc/common/downloadFile.do?requestedFileName=100135082.pdf&requestedFullPath=20200415/PDF/PBINFO/4501/003_100135082_20200403_1.pdf
I,1,1,10,10,10,1,1,10,1,,,20200415,,,,,,,,,,,,,,,2450102,전주시을,,,,,,100,더불어민주당,100135891,이상직,1,정당인,고려대학교 경영대학원 졸업(경영학 석사),44,,Gsg4501/Hb100135891/gicho/thumbnail.100135891.JPG,선거공보||20200415/PDF/PBINFO/4501/003_100135891_20200403_1.pdf||,,,,,,,,,,,,,,,,,Y,http://policy.nec.go.kr/plc/common/downloadFile.do?requestedFileName=100135891.pdf&requestedFullPath=20200415/PDF/PBINFO/4501/003_100135891_20200403_1.pdf
I,1,1,10,10,10,1,1,10,1,,,20200415,,,,,,,,,,,,,,,2450102,전주시을,,,,,,200,미래통합당,100137504,이수진,2,한국고령화정책연구원 원장,경희대학교 대학원 행정학과 졸업(행정학박사),44,,Gsg4501/Hb100137504/gicho/thumbnail.100137504.JPG,선거공보||20200415/PDF/PBINFO/4501/003_100137504_20200404_2.pdf||,,,,,,,,,,,,,,,,,Y,http://policy.nec.go.kr/plc/common/downloadFile.do?requestedFileName=100137504.pdf&requestedFullPath=20200415/PDF/PBINFO/4501/003_100137504_20200404_2.pdf
I,1,1,10,10,10,1,1,10,1,,,20200415,,,,,,,,,,,,,,,2450102,전주시을,,,,,,2080,민생당,100137153,조형철,3,정당인,전주대학교 법학과 졸업,44,,Gsg4501/Hb100137153/gicho/thumbnail.100137153.JPG,선거공보||20200415/PDF/PBINFO/4501/003_100137153_20200404_1.pdf||,,,,,,,,,,,,,,,,,Y,http://policy.nec.go.kr/plc/common/downloadFile.do?requestedFileName=100137153.pdf&requestedFullPath=20200415/PDF/PBINFO/4501/003_100137153_20200404_1.pdf
I,1,1,10,10,10,1,1,10,1,,,20200415,,,,,,,,,,,,,,,2450102,전주시을,,,,,,730,정의당,100137262,오형수,6,국민건강보험공단 직원,원광대학교행정대학원 졸업(사회복지학석사),44,,Gsg4501/Hb100137262/gicho/thumbnail.100137262.JPG,선거공보||20200415/PDF/PBINFO/4501/003_100137262_20200403_1.pdf||,,,,,,,,,,,,,,,,,Y,http://policy.nec.go.kr/plc/common/downloadFile.do?requestedFileName=100137262.pdf&requestedFullPath=20200415/PDF/PBINFO/4501/003_100137262_20200403_1.pdf
I,1,1,10,10,10,1,1,10,1,,,20200415,,,,,,,,,,,,,,,2450102,전주시을,,,,,,5031,국가혁명배당금당,100136247,김주완,7,정당인,미기재,44,,Gsg4501/Hb100136247/gicho/thumbnail.100136247.JPG,선거공보||20200415/PDF/PBINFO/4501/003_100136247_20200403_1.pdf||,,,,,,,,,,,,,,,,,Y,http://policy.nec.go.kr/plc/common/downloadFile.do?requestedFileName=100136247.pdf&requestedFullPath=20200415/PDF/PBINFO/4501/003_100136247_20200403_1.pdf
I,1,1,10,10,10,1,1,10,1,,,20200415,,,,,,,,,,,,,,,2450102,전주시을,,,,,,9999,무소속,100134744,성치두,8,정치인,한국외국어대학교 대학원 정치외교학과 박사과정 수료,44,,Gsg4501/Hb100134744/gicho/thumbnail.100134744.JPG,선거공보||20200415/PDF/PBINFO/4501/003_100134744_20200403_1.pdf||,,,,,,,,,,,,,,,,,Y,http://policy.nec.go.kr/plc/common/downloadFile.do?requestedFileName=100134744.pdf&requestedFullPath=20200415/PDF/PBINFO/4501/003_100134744_20200403_1.pdf
I,1,1,10,10,10,1,1,10,1,,,20200415,,,,,,,,,,,,,,,2460101,목포시,,,,,,100,더불어민주당,100134665,김원이,1,정당인,성균관대학교 인문대학 사학과 졸업,44,,Gsg4601/Hb100134665/gicho/thumbnail.100134665.JPG,선거공보||20200415/PDF/PBINFO/4601/003_100134665_20200403_1.pdf||,,,,,,,,,,,,,,,,,Y,http://policy.nec.go.kr/plc/common/downloadFile.do?requestedFileName=100134665.pdf&requestedFullPath=20200415/PDF/PBINFO/4601/003_100134665_20200403_1.pdf
I,1,1,10,10,10,1,1,10,1,,,20200415,,,,,,,,,,,,,,,2460101,목포시,,,,,,200,미래통합당,100137632,황규원,2,(주)캐릭터콘텐츠문화진흥원 이사,대구가톨릭대학교 관광경영학과 졸업,44,,Gsg4601/Hb100137632/gicho/thumbnail.100137632.JPG,선거공보||20200415/PDF/PBINFO/4601/003_100137632_20200403_1.pdf||,,,,,,,,,,,,,,,,,Y,http://policy.nec.go.kr/plc/common/downloadFile.do?requestedFileName=100137632.pdf&requestedFullPath=20200415/PDF/PBINFO/4601/003_100137632_20200403_1.pdf
I,1,1,10,10,10,1,1,10,1,,,20200415,,,,,,,,,,,,,,,2460101,목포시,,,,,,2080,민생당,100137514,박지원,3,정치인,단국대학교 상경대학 상학과 졸업,44,,Gsg4601/Hb100137514/gicho/thumbnail.100137514.JPG,선거공보||20200415/PDF/PBINFO/4601/003_100137514_20200403_1.pdf||,,,,,,,,,,,,,,,,,Y,http://policy.nec.go.kr/plc/common/downloadFile.do?requestedFileName=100137514.pdf&requestedFullPath=20200415/PDF/PBINFO/4601/003_100137514_20200403_1.pdf
I,1,1,10,10,10,1,1,10,1,,,20200415,,,,,,,,,,,,,,,2460101,목포시,,,,,,730,정의당,100137283,윤소하,6,국회의원,목포대학교 경영대학 경영학과 졸업,44,,Gsg4601/Hb100137283/gicho/thumbnail.100137283.JPG,선거공보||20200415/PDF/PBINFO/4601/003_100137283_20200403_1.pdf||,,,,,,,,,,,,,,,,,Y,http://policy.nec.go.kr/plc/common/downloadFile.do?requestedFileName=100137283.pdf&requestedFullPath=20200415/PDF/PBINFO/4601/003_100137283_20200403_1.pdf
I,1,1,10,10,10,1,1,10,1,,,20200415,,,,,,,,,,,,,,,2460201,여수시갑,,,,,,100,더불어민주당,100135153,주철현,1,변호사,성균관대학교 법학과 졸업,44,,Gsg4602/Hb100135153/gicho/thumbnail.100135153.JPG,선거공보||20200415/PDF/PBINFO/4602/003_100135153_20200402_1.pdf||,,,,,,,,,,,,,,,,,Y,http://policy.nec.go.kr/plc/common/downloadFile.do?requestedFileName=100135153.pdf&requestedFullPath=20200415/PDF/PBINFO/4602/003_100135153_20200402_1.pdf
I,1,1,10,10,10,1,1,10,1,,,20200415,,,,,,,,,,,,,,,2460201,여수시갑,,,,,,200,미래통합당,100138042,심정우,2,중흥석유화학 유한회사 대표,연세대학교 행정대학원 지방자치·도시행정 전공 석사 졸업,44,,Gsg4602/Hb100138042/gicho/thumbnail.100138042.JPG,선거공보||20200415/PDF/PBINFO/4602/003_100138042_20200402_1.pdf||,,,,,,,,,,,,,,,,,Y,http://policy.nec.go.kr/plc/common/downloadFile.do?requestedFileName=100138042.pdf&requestedFullPath=20200415/PDF/PBINFO/4602/003_100138042_20200402_1.pdf
I,1,1,10,10,10,1,1,10,1,,,20200415,,,,,,,,,,,,,,,2460201,여수시갑,,,,,,5031,국가혁명배당금당,100138035,장수희,7,부동산업,성의여자고등학교 졸업,44,,Gsg4602/Hb100138035/gicho/thumbnail.100138035.JPEG,선거공보||20200415/PDF/PBINFO/4602/003_100138035_20200404_2.pdf||,,,,,,,,,,,,,,,,,Y,http://policy.nec.go.kr/plc/common/downloadFile.do?requestedFileName=100138035.pdf&requestedFullPath=20200415/PDF/PBINFO/4602/003_100138035_20200404_2.pdf
I,1,1,10,10,10,1,1,10,1,,,20200415,,,,,,,,,,,,,,,2460201,여수시갑,,,,,,9999,무소속,100136439,이용주,8,국회의원,서울대학교 법과대학 사법학과 졸업,44,,Gsg4602/Hb100136439/gicho/thumbnail.100136439.JPG,선거공보||20200415/PDF/PBINFO/4602/003_100136439_20200405_2.pdf||,,,,,,,,,,,,,,,,,Y,http://policy.nec.go.kr/plc/common/downloadFile.do?requestedFileName=100136439.pdf&requestedFullPath=20200415/PDF/PBINFO/4602/003_100136439_20200405_2.pdf
I,1,1,10,10,10,1,1,10,1,,,20200415,,,,,,,,,,,,,,,2460202,여수시을,,,,,,100,더불어민주당,100134970,김회재,1,변호사,연세대학교 법과대학 법학과 졸업,44,,Gsg4602/Hb100134970/gicho/thumbnail.100134970.JPG,선거공보||20200415/PDF/PBINFO/4602/003_100134970_20200405_2.pdf||,,,,,,,,,,,,,,,,,Y,http://policy.nec.go.kr/plc/common/downloadFile.do?requestedFileName=100134970.pdf&requestedFullPath=20200415/PDF/PBINFO/4602/003_100134970_20200405_2.pdf
I,1,1,10,10,10,1,1,10,1,,,20200415,,,,,,,,,,,,,,,2460202,여수시을,,,,,,200,미래통합당,100138023,임동하,2,정당인,완주중학교 졸업,44,,Gsg4602/Hb100138023/gicho/thumbnail.100138023.JPG,선거공보||20200415/PDF/PBINFO/4602/003_100138023_20200402_1.pdf||,,,,,,,,,,,,,,,,,Y,http://policy.nec.go.kr/plc/common/downloadFile.do?requestedFileName=100138023.pdf&requestedFullPath=20200415/PDF/PBINFO/4602/003_100138023_20200402_1.pdf
I,1,1,10,10,10,1,1,10,1,,,20200415,,,,,,,,,,,,,,,2460202,여수시을,,,,,,730,정의당,100137699,김진수,6,시인,전남대학교 산학협력대학원 문화산업학과 졸업(경영학 석사),44,,Gsg4602/Hb100137699/gicho/thumbnail.100137699.JPG,선거공보||20200415/PDF/PBINFO/4602/003_100137699_20200402_1.pdf||,,,,,,,,,,,,,,,,,Y,http://policy.nec.go.kr/plc/common/downloadFile.do?requestedFileName=100137699.pdf&requestedFullPath=20200415/PDF/PBINFO/4602/003_100137699_20200402_1.pdf
I,1,1,10,10,10,1,1,10,1,,,20200415,,,,,,,,,,,,,,,2460202,여수시을,,,,,,9999,무소속,100136241,권세도,7,정치인,조선대학교 대학원 법학과 졸업,44,,Gsg4602/Hb100136241/gicho/thumbnail.100136241.JPG,선거공보||20200415/PDF/PBINFO/4602/003_100136241_20200402_1.pdf||,,,,,,,,,,,,,,,,,Y,http://policy.nec.go.kr/plc/common/downloadFile.do?requestedFileName=100136241.pdf&requestedFullPath=20200415/PDF/PBINFO/4602/003_100136241_20200402_1.pdf
I,1,1,10,10,10,1,1,10,1,,,20200415,,,,,,,,,,,,,,,2470101,포항시북구,,,,,,100,더불어민주당,100134698,오중기,1,정당인,영남대학교 문과대학 철학과 졸업,59,,Gsg4701/Hb100134698/gicho/thumbnail.100134698.JPG,선거공보||20200415/PDF/PBINFO/4701/003_100134698_20200405_3.pdf||,,,,,,,,,,,,,,,,,Y,http://policy.nec.go.kr/plc/common/downloadFile.do?requestedFileName=100134698.pdf&requestedFullPath=20200415/PDF/PBINFO/4701/003_100134698_20200405_3.pdf
I,1,1,10,10,10,1,1,10,1,,,20200415,,,,,,,,,,,,,,,2470101,포항시북구,,,,,,200,미래통합당,100137384,김정재,2,국회의원,프랭클린피어스법과 대학원 졸업(J.D 2001.8.~2004.5.),59,,Gsg4701/Hb100137384/gicho/thumbnail.100137384.JPG,선거공보||20200415/PDF/PBINFO/4701/003_100137384_20200402_2.pdf||,,,,,,,,,,,,,,,,,Y,http://policy.nec.go.kr/plc/common/downloadFile.do?requestedFileName=100137384.pdf&requestedFullPath=20200415/PDF/PBINFO/4701/003_100137384_20200402_2.pdf
I,1,1,10,10,10,1,1,10,1,,,20200415,,,,,,,,,,,,,,,2470101,포항시북구,,,,,,730,정의당,100135114,박창호,6,정당인,위덕대학교 사회복지전공 졸업,59,,Gsg4701/Hb100135114/gicho/thumbnail.100135114.JPG,선거공보||20200415/PDF/PBINFO/4701/003_100135114_20200404_1.pdf||,,,,,,,,,,,,,,,,,Y,http://policy.nec.go.kr/plc/common/downloadFile.do?requestedFileName=100135114.pdf&requestedFullPath=20200415/PDF/PBINFO/4701/003_100135114_20200404_1.pdf
I,1,1,10,10,10,1,1,10,1,,,20200415,,,,,,,,,,,,,,,2470101,포항시북구,,,,,,5031,국가혁명배당금당,100137495,박건우,7,거류기업대표,대구 대건고등학교 졸업,59,,Gsg4701/Hb100137495/gicho/thumbnail.100137495.JPG,선거공보||20200415/PDF/PBINFO/4701/003_100137495_20200404_2.pdf||,,,,,,,,,,,,,,,,,Y,http://policy.nec.go.kr/plc/common/downloadFile.do?requestedFileName=100137495.pdf&requestedFullPath=20200415/PDF/PBINFO/4701/003_100137495_20200404_2.pdf
I,1,1,10,10,10,1,1,10,1,,,20200415,,,,,,,,,,,,,,,2470201,포항시남구울릉군,,,,,,100,더불어민주당,100136309,허대만,1,정당인,서울대학교 정치학과 졸업,59,,Gsg4702/Hb100136309/gicho/thumbnail.100136309.JPG,선거공보||20200415/PDF/PBINFO/4702/003_100136309_20200403_1.pdf||,,,,,,,,,,,,,,,,,Y,http://policy.nec.go.kr/plc/common/downloadFile.do?requestedFileName=100136309.pdf&requestedFullPath=20200415/PDF/PBINFO/4702/003_100136309_20200403_1.pdf
I,1,1,10,10,10,1,1,10,1,,,20200415,,,,,,,,,,,,,,,2470201,포항시남구울릉군,,,,,,200,미래통합당,100136815,김병욱,2,정당인,연세대학교 행정대학원(지방자치·도시행정전공) 졸업 (행정학석사),59,,Gsg4702/Hb100136815/gicho/thumbnail.100136815.JPG,선거공보||20200415/PDF/PBINFO/4702/003_100136815_20200403_1.pdf||,,,,,,,,,,,,,,,,,Y,http://policy.nec.go.kr/plc/common/downloadFile.do?requestedFileName=100136815.pdf&requestedFullPath=20200415/PDF/PBINFO/4702/003_100136815_20200403_1.pdf
I,1,1,10,10,10,1,1,10,1,,,20200415,,,,,,,,,,,,,,,2470201,포항시남구울릉군,,,,,,5010,민중당,100136860,박승억,7,노동운동가,동국대학교 국사학과 졸업,59,,Gsg4702/Hb100136860/gicho/thumbnail.100136860.JPG,선거공보||20200415/PDF/PBINFO/4702/003_100136860_20200403_1.pdf||,,,,,,,,,,,,,,,,,Y,http://policy.nec.go.kr/plc/common/downloadFile.do?requestedFileName=100136860.pdf&requestedFullPath=20200415/PDF/PBINFO/4702/003_100136860_20200403_1.pdf
I,1,1,10,10,10,1,1,10,1,,,20200415,,,,,,,,,,,,,,,2470201,포항시남구울릉군,,,,,,5031,국가혁명배당금당,100135144,박덕춘,8,정당인,미기재,59,,Gsg4702/Hb100135144/gicho/thumbnail.100135144.JPG,선거공보||20200415/PDF/PBINFO/4702/003_100135144_20200404_2.pdf||,,,,,,,,,,,,,,,,,Y,http://policy.nec.go.kr/plc/common/downloadFile.do?requestedFileName=100135144.pdf&requestedFullPath=20200415/PDF/PBINFO/4702/003_100135144_20200404_2.pdf
I,1,1,10,10,10,1,1,10,1,,,20200415,,,,,,,,,,,,,,,2470201,포항시남구울릉군,,,,,,9999,무소속,100137756,박승호,9,정치인,한국체육대학교대학원 박사과정 졸업(이학박사),59,,Gsg4702/Hb100137756/gicho/thumbnail.100137756.JPG,선거공보||20200415/PDF/PBINFO/4702/003_100137756_20200403_1.pdf||,,,,,,,,,,,,,,,,,Y,http://policy.nec.go.kr/plc/common/downloadFile.do?requestedFileName=100137756.pdf&requestedFullPath=20200415/PDF/PBINFO/4702/003_100137756_20200403_1.pdf
I,1,1,10,10,10,1,1,10,1,,,20200415,,,,,,,,,,,,,,,2470401,경주시,,,,,,100,더불어민주당,100137060,정다은,1,시민단체활동가,부산대학교 행정학과 졸업,59,,Gsg4704/Hb100137060/gicho/thumbnail.100137060.JPG,선거공보||20200415/PDF/PBINFO/4704/003_100137060_20200404_6.pdf||,,,,,,,,,,,,,,,,,Y,http://policy.nec.go.kr/plc/common/downloadFile.do?requestedFileName=100137060.pdf&requestedFullPath=20200415/PDF/PBINFO/4704/003_100137060_20200404_6.pdf
I,1,1,10,10,10,1,1,10,1,,,20200415,,,,,,,,,,,,,,,2470401,경주시,,,,,,200,미래통합당,100136786,김석기,2,국회의원,동국대학교 행정대학원 공안행정학과 경찰행정전공 행정학석사,59,,Gsg4704/Hb100136786/gicho/thumbnail.100136786.JPG,선거공보||20200415/PDF/PBINFO/4704/003_100136786_20200404_2.pdf||,,,,,,,,,,,,,,,,,Y,http://policy.nec.go.kr/plc/common/downloadFile.do?requestedFileName=100136786.pdf&requestedFullPath=20200415/PDF/PBINFO/4704/003_100136786_20200404_2.pdf
I,1,1,10,10,10,1,1,10,1,,,20200415,,,,,,,,,,,,,,,2470401,경주시,,,,,,2080,민생당,100137454,김보성,3, 경주대학교 부교수,경기대학교 관광전문대학원 졸업(관광학 박사),59,,Gsg4704/Hb100137454/gicho/thumbnail.100137454.JPG,선거공보||20200415/PDF/PBINFO/4704/003_100137454_20200405_3.pdf||,,,,,,,,,,,,,,,,,Y,http://policy.nec.go.kr/plc/common/downloadFile.do?requestedFileName=100137454.pdf&requestedFullPath=20200415/PDF/PBINFO/4704/003_100137454_20200405_3.pdf
I,1,1,10,10,10,1,1,10,1,,,20200415,,,,,,,,,,,,,,,2480101,창원시의창구,,,,,,100,더불어민주당,100134682,김기운,1,정당인,연세대학교 행정대학원 졸업(행정학 석사),74,,Gsg4821/Hb100134682/gicho/thumbnail.100134682.JPG,선거공보||20200415/PDF/PBINFO/4821/003_100134682_20200404_1.pdf||,,,,,,,,,,,,,,,,,Y,http://policy.nec.go.kr/plc/common/downloadFile.do?requestedFileName=100134682.pdf&requestedFullPath=20200415/PDF/PBINFO/4821/003_100134682_20200404_1.pdf
I,1,1,10,10,10,1,1,10,1,,,20200415,,,,,,,,,,,,,,,2480101,창원시의창구,,,,,,200,미래통합당,100137054,박완수,2,국회의원,경남대학교 대학원 행정학과 졸업(행정학박사),74,,Gsg4821/Hb100137054/gicho/thumbnail.100137054.JPG,선거공보||20200415/PDF/PBINFO/4821/003_100137054_20200404_1.pdf||,,,,,,,,,,,,,,,,,Y,http://policy.nec.go.kr/plc/common/downloadFile.do?requestedFileName=100137054.pdf&requestedFullPath=20200415/PDF/PBINFO/4821/003_100137054_20200404_1.pdf
I,1,1,10,10,10,1,1,10,1,,,20200415,,,,,,,,,,,,,,,2480101,창원시의창구,,,,,,2080,민생당,100134876,강익근,3,주식회사 이너셀 대표이사,경상대학교 식품가공학과 졸업,74,,Gsg4821/Hb100134876/gicho/thumbnail.100134876.JPG,선거공보||20200415/PDF/PBINFO/4821/003_100134876_20200404_1.pdf||,,,,,,,,,,,,,,,,,Y,http://policy.nec.go.kr/plc/common/downloadFile.do?requestedFileName=100134876.pdf&requestedFullPath=20200415/PDF/PBINFO/4821/003_100134876_20200404_1.pdf
I,1,1,10,10,10,1,1,10,1,,,20200415,,,,,,,,,,,,,,,2480101,창원시의창구,,,,,,5010,민중당,100136778,정혜경,7,노동자,경상대학교 법학과 졸업,74,,Gsg4821/Hb100136778/gicho/thumbnail.100136778.JPG,선거공보||20200415/PDF/PBINFO/4821/003_100136778_20200404_1.pdf||,,,,,,,,,,,,,,,,,Y,http://policy.nec.go.kr/plc/common/downloadFile.do?requestedFileName=100136778.pdf&requestedFullPath=20200415/PDF/PBINFO/4821/003_100136778_20200404_1.pdf
I,1,1,10,10,10,1,1,10,1,,,20200415,,,,,,,,,,,,,,,2480101,창원시의창구,,,,,,5031,국가혁명배당금당,100136014,한상구,8,농업인,진영농공고등학교 (현 진영 제일고등학교) 졸업,74,,Gsg4821/Hb100136014/gicho/thumbnail.100136014.JPG,선거공보||20200415/PDF/PBINFO/4821/003_100136014_20200404_1.pdf||,,,,,,,,,,,,,,,,,Y,http://policy.nec.go.kr/plc/common/downloadFile.do?requestedFileName=100136014.pdf&requestedFullPath=20200415/PDF/PBINFO/4821/003_100136014_20200404_1.pdf
I,1,1,10,10,10,1,1,10,1,,,20200415,,,,,,,,,,,,,,,2480102,창원시성산구,,,,,,100,더불어민주당,100137194,이흥석,1,정당인,한국방송통신대학교 행정학과 4학년 제적(1983.3-1999.4),74,,Gsg4822/Hb100137194/gicho/thumbnail.100137194.JPG,선거공보||20200415/PDF/PBINFO/4822/003_100137194_20200403_2.pdf||,,,,,,,,,,,,,,,,,Y,http://policy.nec.go.kr/plc/common/downloadFile.do?requestedFileName=100137194.pdf&requestedFullPath=20200415/PDF/PBINFO/4822/003_100137194_20200403_2.pdf
I,1,1,10,10,10,1,1,10,1,,,20200415,,,,,,,,,,,,,,,2480102,창원시성산구,,,,,,200,미래통합당,100134709,강기윤,2,정당인,창원대학교 대학원 졸업(행정학 박사),74,,Gsg4822/Hb100134709/gicho/thumbnail.100134709.JPG,선거공보||20200415/PDF/PBINFO/4822/003_100134709_20200403_1.pdf||,,,,,,,,,,,,,,,,,Y,http://policy.nec.go.kr/plc/common/downloadFile.do?requestedFileName=100134709.pdf&requestedFullPath=20200415/PDF/PBINFO/4822/003_100134709_20200403_1.pdf
I,1,1,10,10,10,1,1,10,1,,,20200415,,,,,,,,,,,,,,,2480102,창원시성산구,,,,,,2080,민생당,100135201,구명회,3,(사) 경남장애우권익문제연구소 소장,창원대학교 대학원 졸업(법학박사),74,,Gsg4822/Hb100135201/gicho/thumbnail.100135201.JPG,선거공보||20200415/PDF/PBINFO/4822/003_100135201_20200403_1.pdf||,,,,,,,,,,,,,,,,,Y,http://policy.nec.go.kr/plc/common/downloadFile.do?requestedFileName=100135201.pdf&requestedFullPath=20200415/PDF/PBINFO/4822/003_100135201_20200403_1.pdf
I,1,1,10,10,10,1,1,10,1,,,20200415,,,,,,,,,,,,,,,2480102,창원시성산구,,,,,,730,정의당,100137429,여영국,6,국회의원,창원대학교 산업비즈니스학과 졸업,74,,Gsg4822/Hb100137429/gicho/thumbnail.100137429.JPG,선거공보||20200415/PDF/PBINFO/4822/003_100137429_20200403_1.pdf||,,,,,,,,,,,,,,,,,Y,http://policy.nec.go.kr/plc/common/downloadFile.do?requestedFileName=100137429.pdf&requestedFullPath=20200415/PDF/PBINFO/4822/003_100137429_20200403_1.pdf
I,1,1,10,10,10,1,1,10,1,,,20200415,,,,,,,,,,,,,,,2480102,창원시성산구,,,,,,5010,민중당,100137273,석영철,7,정당인,고려대학교 문과대학 심리학과 졸업,74,,Gsg4822/Hb100137273/gicho/thumbnail.100137273.JPG,선거공보||20200415/PDF/PBINFO/4822/003_100137273_20200405_2.pdf||,,,,,,,,,,,,,,,,,Y,http://policy.nec.go.kr/plc/common/downloadFile.do?requestedFileName=100137273.pdf&requestedFullPath=20200415/PDF/PBINFO/4822/003_100137273_20200405_2.pdf
I,1,1,10,10,10,1,1,10,1,,,20200415,,,,,,,,,,,,,,,2480102,창원시성산구,,,,,,5031,국가혁명배당금당,100136304,조규필,8,자영업,창원대학교 예술대학 음악과 졸업,74,,Gsg4822/Hb100136304/gicho/thumbnail.100136304.JPG,선거공보||20200415/PDF/PBINFO/4822/003_100136304_20200403_1.pdf||,,,,,,,,,,,,,,,,,Y,http://policy.nec.go.kr/plc/common/downloadFile.do?requestedFileName=100136304.pdf&requestedFullPath=20200415/PDF/PBINFO/4822/003_100136304_20200403_1.pdf
I,1,1,10,10,10,1,1,10,1,,,20200415,,,,,,,,,,,,,,,2480201,창원시마산합포구,,,,,,100,더불어민주당,100134859,박남현,1,정당인,창원대학교 행정대학원 졸업(행정학 석사),74,,Gsg4823/Hb100134859/gicho/thumbnail.100134859.JPG,선거공보||20200415/PDF/PBINFO/4823/003_100134859_20200330_2.pdf||,,,,,,,,,,,,,,,,,Y,http://policy.nec.go.kr/plc/common/downloadFile.do?requestedFileName=100134859.pdf&requestedFullPath=20200415/PDF/PBINFO/4823/003_100134859_20200330_2.pdf
I,1,1,10,10,10,1,1,10,1,,,20200415,,,,,,,,,,,,,,,2490101,제주시갑,,,,,,100,더불어민주당,100137235,송재호,1,정당인,경기대학교 대학원 졸업(경영학 박사),15,,Gsg4901/Hb100137235/gicho/thumbnail.100137235.JPG,선거공보||20200415/PDF/PBINFO/4901/003_100137235_20200402_1.pdf||,,,,,,,,,,,,,,,,,Y,http://policy.nec.go.kr/plc/common/downloadFile.do?requestedFileName=100137235.pdf&requestedFullPath=20200415/PDF/PBINFO/4901/003_100137235_20200402_1.pdf
I,1,1,10,10,10,1,1,10,1,,,20200415,,,,,,,,,,,,,,,2490101,제주시갑,,,,,,200,미래통합당,100137126,장성철,2,정당인,연세대학교 정치외교학과 졸업,15,,Gsg4901/Hb100137126/gicho/thumbnail.100137126.JPG,선거공보||20200415/PDF/PBINFO/4901/003_100137126_20200402_1.pdf||,,,,,,,,,,,,,,,,,Y,http://policy.nec.go.kr/plc/common/downloadFile.do?requestedFileName=100137126.pdf&requestedFullPath=20200415/PDF/PBINFO/4901/003_100137126_20200402_1.pdf
I,1,1,10,10,10,1,1,10,1,,,20200415,,,,,,,,,,,,,,,2490101,제주시갑,,,,,,730,정의당,100135176,고병수,6,정당인,연세대학교 의과대학 졸업,15,,Gsg4901/Hb100135176/gicho/thumbnail.100135176.JPG,선거공보||20200415/PDF/PBINFO/4901/003_100135176_20200402_1.pdf||,,,,,,,,,,,,,,,,,Y,http://policy.nec.go.kr/plc/common/downloadFile.do?requestedFileName=100135176.pdf&requestedFullPath=20200415/PDF/PBINFO/4901/003_100135176_20200402_1.pdf
I,1,1,10,10,10,1,1,10,1,,,20200415,,,,,,,,,,,,,,,2490101,제주시갑,,,,,,5000,우리공화당,100137346,문대탄,7,정당인(우리공화당 상임법률고문),서울대학교 법학과 졸업,15,,Gsg4901/Hb100137346/gicho/thumbnail.100137346.JPG,선거공보||20200415/PDF/PBINFO/4901/003_100137346_20200402_1.pdf||,,,,,,,,,,,,,,,,,Y,http://policy.nec.go.kr/plc/common/downloadFile.do?requestedFileName=100137346.pdf&requestedFullPath=20200415/PDF/PBINFO/4901/003_100137346_20200402_1.pdf
I,1,1,10,10,10,1,1,10,1,,,20200415,,,,,,,,,,,,,,,2490101,제주시갑,,,,,,9999,무소속,100136788,현용식,8,자영업,제주대학교 대학원 법학과 졸업(석사),15,,Gsg4901/Hb100136788/gicho/thumbnail.100136788.JPG,선거공보||20200415/PDF/PBINFO/4901/003_100136788_20200402_1.pdf||,,,,,,,,,,,,,,,,,Y,http://policy.nec.go.kr/plc/common/downloadFile.do?requestedFileName=100136788.pdf&requestedFullPath=20200415/PDF/PBINFO/4901/003_100136788_20200402_1.pdf
I,1,1,10,10,10,1,1,10,1,,,20200415,,,,,,,,,,,,,,,2490101,제주시갑,,,,,,9999,무소속,100134636,박희수,9,정치인,제주대학교 법학과 졸업,15,,Gsg4901/Hb100134636/gicho/thumbnail.100134636.JPG,선거공보||20200415/PDF/PBINFO/4901/003_100134636_20200402_1.pdf||,,,,,,,,,,,,,,,,,Y,http://policy.nec.go.kr/plc/common/downloadFile.do?requestedFileName=100134636.pdf&requestedFullPath=20200415/PDF/PBINFO/4901/003_100134636_20200402_1.pdf
I,1,1,10,10,10,1,1,10,1,,,20200415,,,,,,,,,,,,,,,2490101,제주시갑,,,,,,9999,무소속,100135187,임효준,10,무직,경성대학교 경영학과 졸업,15,,Gsg4901/Hb100135187/gicho/thumbnail.100135187.JPEG,선거공보||||,,,,,,,,,,,,,,,,,Y,http://policy.nec.go.kr/plc/common/downloadFile.do?requestedFileName=100135187.pdf&requestedFullPath=
I,1,1,10,10,10,1,1,10,1,,,20200415,,,,,,,,,,,,,,,2490102,제주시을,,,,,,100,더불어민주당,100136972,오영훈,1,제20대 더불어민주당 제주시을 국회의원,제주대학교 경영대학원 졸업(경영학석사),15,,Gsg4901/Hb100136972/gicho/thumbnail.100136972.JPG,선거공보||20200415/PDF/PBINFO/4901/003_100136972_20200403_1.pdf||,,,,,,,,,,,,,,,,,Y,http://policy.nec.go.kr/plc/common/downloadFile.do?requestedFileName=100136972.pdf&requestedFullPath=20200415/PDF/PBINFO/4901/003_100136972_20200403_1.pdf
I,1,1,10,10,10,1,1,10,1,,,20200415,,,,,,,,,,,,,,,2490102,제주시을,,,,,,200,미래통합당,100136352,부상일,2,변호사,서울대학교 법과대학 사법학과 졸업,15,,Gsg4901/Hb100136352/gicho/thumbnail.100136352.JPG,선거공보||20200415/PDF/PBINFO/4901/003_100136352_20200402_1.pdf||,,,,,,,,,,,,,,,,,Y,http://policy.nec.go.kr/plc/common/downloadFile.do?requestedFileName=100136352.pdf&requestedFullPath=20200415/PDF/PBINFO/4901/003_100136352_20200402_1.pdf
I,1,1,10,10,10,1,1,10,1,,,20200415,,,,,,,,,,,,,,,2490102,제주시을,,,,,,5010,민중당,100136911,강은주,7,정당인,제주대학교 공과대학 통신공학과 졸업,15,,Gsg4901/Hb100136911/gicho/thumbnail.100136911.JPG,선거공보||20200415/PDF/PBINFO/4901/003_100136911_20200402_1.pdf||,,,,,,,,,,,,,,,,,Y,http://policy.nec.go.kr/plc/common/downloadFile.do?requestedFileName=100136911.pdf&requestedFullPath=20200415/PDF/PBINFO/4901/003_100136911_20200402_1.pdf
I,1,1,10,10,10,1,1,10,1,,,20200415,,,,,,,,,,,,,,,2490102,제주시을,,,,,,5031,국가혁명배당금당,100136756,전윤영,8,정당인,광문고등학교 졸업,15,,Gsg4901/Hb100136756/gicho/thumbnail.100136756.JPG,선거공보||20200415/PDF/PBINFO/4901/003_100136756_20200402_1.pdf||,,,,,,,,,,,,,,,,,Y,http://policy.nec.go.kr/plc/common/downloadFile.do?requestedFileName=100136756.pdf&requestedFullPath=20200415/PDF/PBINFO/4901/003_100136756_20200402_1.pdf
I,1,1,10,10,10,1,1,10,1,,,20200415,,,,,,,,,,,,,,,2490102,제주시을,,,,,,1990,한나라당,100135034,차주홍,9,(주)대명교통 대표이사(운수업),제주대학교 경영대학원 졸업(경영학 석사),15,,Gsg4901/Hb100135034/gicho/thumbnail.100135034.JPG,선거공보||20200415/PDF/PBINFO/4901/003_100135034_20200402_1.pdf||,,,,,,,,,,,,,,,,,Y,http://policy.nec.go.kr/plc/common/downloadFile.do?requestedFileName=100135034.pdf&requestedFullPath=20200415/PDF/PBINFO/4901/003_100135034_20200402_1.pdf
I,1,1,10,10,10,1,1,10,1,,,20200415,,,,,,,,,,,,,,,2510101,세종특별자치시갑,,,,,,100,더불어민주당,100137565,홍성국,1,혜안리서치 대표,동국대학교 행정대학원 행정학과 졸업 (행정학석사),10,,Gsg5101/Hb100137565/gicho/thumbnail.100137565.JPG,선거공보||20200415/PDF/PBINFO/5101/003_100137565_20200403_1.pdf||,,,,,,,,,,,,,,,,,Y,http://policy.nec.go.kr/plc/common/downloadFile.do?requestedFileName=100137565.pdf&requestedFullPath=20200415/PDF/PBINFO/5101/003_100137565_20200403_1.pdf
I,1,1,10,10,10,1,1,10,1,,,20200415,,,,,,,,,,,,,,,2510101,세종특별자치시갑,,,,,,200,미래통합당,100137139,김중로,2,정당인,연세대학교 행정대학원 졸업(행정학석사),10,,Gsg5101/Hb100137139/gicho/thumbnail.100137139.JPG,선거공보||20200415/PDF/PBINFO/5101/003_100137139_20200330_1.pdf||,,,,,,,,,,,,,,,,,Y,http://policy.nec.go.kr/plc/common/downloadFile.do?requestedFileName=100137139.pdf&requestedFullPath=20200415/PDF/PBINFO/5101/003_100137139_20200330_1.pdf
I,1,1,10,10,10,1,1,10,1,,,20200415,,,,,,,,,,,,,,,2510101,세종특별자치시갑,,,,,,730,정의당,100134761,이혁재,6,정당인,인하대학교 교육대학원 교육학과 석사과정 수료,10,,Gsg5101/Hb100134761/gicho/thumbnail.100134761.JPG,선거공보||20200415/PDF/PBINFO/5101/003_100134761_20200402_1.pdf||,,,,,,,,,,,,,,,,,Y,http://policy.nec.go.kr/plc/common/downloadFile.do?requestedFileName=100134761.pdf&requestedFullPath=20200415/PDF/PBINFO/5101/003_100134761_20200402_1.pdf
I,1,1,10,10,10,1,1,10,1,,,20200415,,,,,,,,,,,,,,,2510101,세종특별자치시갑,,,,,,5031,국가혁명배당금당,100137757,김영호,7,자연의학원 원장,동방문화대학원대학교 자연치유학과 졸업(자연치유학박사),10,,Gsg5101/Hb100137757/gicho/thumbnail.100137757.JPG,선거공보||20200415/PDF/PBINFO/5101/003_100137757_20200401_1.pdf||,,,,,,,,,,,,,,,,,Y,http://policy.nec.go.kr/plc/common/downloadFile.do?requestedFileName=100137757.pdf&requestedFullPath=20200415/PDF/PBINFO/5101/003_100137757_20200401_1.pdf
I,1,1,10,10,10,1,1,10,1,,,20200415,,,,,,,,,,,,,,,2510101,세종특별자치시갑,,,,,,9999,무소속,100134888,박상래,8,정치인,충북대학교 대학원 화학과 졸업(이학박사),10,,Gsg5101/Hb100134888/gicho/thumbnail.100134888.JPG,선거공보||20200415/PDF/PBINFO/5101/003_100134888_20200401_2.pdf||,,,,,,,,,,,,,,,,,Y,http://policy.nec.go.kr/plc/common/downloadFile.do?requestedFileName=100134888.pdf&requestedFullPath=20200415/PDF/PBINFO/5101/003_100134888_20200401_2.pdf
I,1,1,10,10,10,1,1,10,1,,,20200415,,,,,,,,,,,,,,,2510101,세종특별자치시갑,,,,,,9999,무소속,100137746,윤형권,9,무직,공주대학교 일반대학원 체육교육학과 졸업(교육학박사),10,,Gsg5101/Hb100137746/gicho/thumbnail.100137746.JPG,선거공보||20200415/PDF/PBINFO/5101/003_100137746_20200403_1.pdf||,,,,,,,,,,,,,,,,,Y,http://policy.nec.go.kr/plc/common/downloadFile.do?requestedFileName=100137746.pdf&requestedFullPath=20200415/PDF/PBINFO/5101/003_100137746_20200403_1.pdf
I,1,1,10,10,10,1,1,10,1,,,20200415,,,,,,,,,,,,,,,2510102,세종특별자치시을,,,,,,100,더불어민주당,100134798,강준현,1,충남대학교 건축공학과 특임교수,충남대학교 대학원 건축공학과 졸업(공학석사),10,,Gsg5101/Hb100134798/gicho/thumbnail.100134798.JPG,선거공보||20200415/PDF/PBINFO/5101/003_100134798_20200401_2.pdf||,,,,,,,,,,,,,,,,,Y,http://policy.nec.go.kr/plc/common/downloadFile.do?requestedFileName=100134798.pdf&requestedFullPath=20200415/PDF/PBINFO/5101/003_100134798_20200401_2.pdf
I,1,1,10,10,10,1,1,10,1,,,20200415,,,,,,,,,,,,,,,2510102,세종특별자치시을,,,,,,200,미래통합당,100137554,김병준,2,국민대학교 명예교수,"델라웨어대학교졸업 (정치학박사) (정치학전공, 1980.02-1984.05)",10,,Gsg5101/Hb100137554/gicho/thumbnail.100137554.JPG,선거공보||20200415/PDF/PBINFO/5101/003_100137554_20200401_2.pdf||,,,,,,,,,,,,,,,,,Y,http://policy.nec.go.kr/plc/common/downloadFile.do?requestedFileName=100137554.pdf&requestedFullPath=20200415/PDF/PBINFO/5101/003_100137554_20200401_2.pdf
I,1,1,10,10,10,1,1,10,1,,,20200415,,,,,,,,,,,,,,,2510102,세종특별자치시을,,,,,,2080,민생당,100134905,정원희,3,세종시도농공감융합연구원 원장,한양대학교 대학원 졸업(문학박사),10,,Gsg5101/Hb100134905/gicho/thumbnail.100134905.JPG,선거공보||20200415/PDF/PBINFO/5101/003_100134905_20200403_2.pdf||,,,,,,,,,,,,,,,,,Y,http://policy.nec.go.kr/plc/common/downloadFile.do?requestedFileName=100134905.pdf&requestedFullPath=20200415/PDF/PBINFO/5101/003_100134905_20200403_2.pdf
I,1,1,10,10,10,1,1,10,1,,,20200415,,,,,,,,,,,,,,,2510102,세종특별자치시을,,,,,,5031,국가혁명배당금당,100135525,정태준,7,건설 노무자,성지초등학교 졸업,10,,Gsg5101/Hb100135525/gicho/thumbnail.100135525.JPG,선거공보||20200415/PDF/PBINFO/5101/003_100135525_20200402_1.pdf||,,,,,,,,,,,,,,,,,Y,http://policy.nec.go.kr/plc/common/downloadFile.do?requestedFileName=100135525.pdf&requestedFullPath=20200415/PDF/PBINFO/5101/003_100135525_20200402_1.pdf
